,baseMarket,quoteMarket,hedgeRatio,halfLife
0,BTC-USD_x,LINK-USD,857.064947984372,9.799562538364961
1,BTC-USD_x,SOL-USD,26.27741900379889,8.483513581786848
2,BTC-USD_x,ADA-USD,5079.02583331082,9.042611583945888
3,BTC-USD_x,LTC-USD,18.874614055266502,8.477699836319424
4,BTC-USD_x,ATOM-USD,2277.701590559388,8.919290977986781
5,BTC-USD_x,DOT-USD,2168.9435753508396,8.971476282437395
6,BTC-USD_x,UNI-USD,644.4732913589501,9.294105930717421
7,BTC-USD_x,BCH-USD,64.13918674574875,9.502794816640531
8,BTC-USD_x,TRX-USD,39629.75171565652,8.833370620380748
9,BTC-USD_x,MKR-USD,0.38142719509002454,8.397947878435946
10,BTC-USD_x,XLM-USD,39448.27478382324,9.295161589268629
11,BTC-USD_x,ETC-USD,1010.96834196114,9.597492194535649
12,BTC-USD_x,COMP-USD,119.43456349110569,8.628505913761519
13,BTC-USD_x,WLD-USD,11650.646791297622,10.31892220523
14,BTC-USD_x,APE-USD,14842.098858924024,9.699974800903306
15,BTC-USD_x,APT-USD,2181.503052131232,8.828493570819736
16,BTC-USD_x,LDO-USD,1777.9624585502381,9.057594726122241
17,BTC-USD_x,SEI-USD,23549.04042992343,8.62794301808675
18,BTC-USD_x,XRP-USD,2216.005351337049,8.695837470108275
19,BTC-USD_x,NEO-USD,-578.3044978170119,8.15008016977227
20,BTC-USD_x,ZEC-USD,-19.951675098505575,8.33095739583141
21,BTC-USD_x,MOG-USD,-536904793.7770844,8.355559229563548
22,BTC-USD_x,TREMP-USD,569.2994218757904,8.346952607882777
23,BTC-USD_x,ZK-USD,223763.13973745302,8.86283445017364
24,BTC-USD_x,DJT-USD,22691.0587545054,8.357110904892226
25,BTC-USD_x,IO-USD,300.6616164550217,8.293287589105644
26,BTC-USD_x,SC-USD,22259.71594250301,8.527190465529767
27,BTC-USD_x,BOME-USD,2522118.4802285805,8.25460804614876
28,BTC-USD_x,MICHI-USD,1197.9008668643037,8.346952607882775
29,BTC-USD_x,BNB-USD,0.4534025124627572,8.405248529086617
30,BTC-USD_x,TON-USD,3252.7478290174595,9.726859722892563
31,BTC-USD_x,DAI-USD,-4737722.08620296,7.975354358215508
32,BTC-USD_x,ICP-USD,3273.83352029058,9.164706885530036
33,BTC-USD_x,XMR-USD,-13.844976595378789,8.276583716444131
34,BTC-USD_x,HBAR-USD,2479.9472508379295,8.089278181672201
35,BTC-USD_x,CRO-USD,-8603.810653391178,8.18403765337394
36,BTC-USD_x,MNT-USD,556.9148787081358,8.37907226451993
37,BTC-USD_x,WIF-USD,10137.47315786366,9.181414576462023
38,BTC-USD_x,FLOKI-USD,128307973.44323075,9.843185038488942
39,BTC-USD_x,RUNE-USD,2867.576762600883,8.601161901694955
40,BTC-USD_x,ALGO-USD,32953.921693973556,9.09807721109779
41,BTC-USD_x,FLR-USD,433521.1210115779,8.366740527397138
42,BTC-USD_x,STRK-USD,73468.6319630107,9.214358666225877
43,BTC-USD_x,ENS-USD,435.68537023304236,9.986009592534952
44,BTC-USD_x,TRY-USD,2812981.665366005,7.8096234171494485
45,BTC-USD_x,EIGEN-USD,84.23577621404388,8.35308759228964
46,BTC-USD_x,RLC-USD,95.2150842785602,8.341435712035228
47,BTC-USD_x,QTUM-USD,-92.29534409811345,8.354525267912589
48,BTC-USD_x,BEAM-USD,-41209.69573026756,8.057415990929607
49,BTC-USD_x,BAT-USD,-26738.92442548083,8.27545488861614
50,BTC-USD_x,IOTA-USD,-24302.754244685144,8.235477244451834
51,BTC-USD_x,FET-USD,-133.40314742296357,8.335233843235056
52,BTC-USD_x,"WSTETH,UNISWAP_V3,0X7F39C581F595B53C5CB19BD0B3F8DA6C935E2CA0-USD",-0.14507250766673474,8.365825261200415
53,BTC-USD_x,USDE-USD,139741.99653052457,8.038624941624915
54,BTC-USD_x,POL-USD,-25590.627284544433,8.090447891488068
55,BTC-USD_x,"RETH,UNISWAP_V3,0XAE78736CD615F374D3085123A210448E74FC6393-USD",0.07865304582509625,8.375954534030411
56,BTC-USD_x,HNT-USD,160.67403747750598,8.20130173054329
57,BTC-USD_x,ENA-USD,1965.1505593939364,8.090447891488063
58,BTC-USD_x,RAY-USD,106.93916323511212,8.348584247507091
59,BTC-USD_x,NEIRO-USD,-8743.908778481404,8.184037653373947
60,BTC-USD_x,CFX-USD,2274.8849754774446,8.179515705600766
61,BTC-USD_x,NEXO-USD,363.9219239846461,8.355236576725277
62,BTC-USD_x,STORJ-USD,5740.013657837269,8.519386795603662
63,BTC-USD_x,ZRX-USD,2829.675807663698,8.160050214735541
64,BTC-USD_x,W-USD,3115.3123435821108,8.036737533870916
65,BTC-USD_x,CVC-USD,4835.066793008751,8.276889792377911
66,BTC-USD_x,"GIGA,RAYDIUM,63LFDMNB3MQ8MW9MTZ2TO9BEA2M71KZUUGQ5TIJXCQJ9-USD",98.81370961201901,8.357890259875282
67,BTC-USD_x,TURBO-USD,-528307.2085376098,8.243709737361744
68,BTC-USD_x,PYUSD-USD,-41996.17871378045,8.149154324402774
69,BTC-USD_x,FTT-USD,102.56996590547305,8.274662468005046
70,BTC-USD_x,SAND-USD,759.9343651883082,8.316070976750494
71,BTC-USD_x,CHZ-USD,6127081.35040918,8.347733690198012
72,BTC-USD_x,CKB-USD,30292.58781525065,8.358334195562545
73,BTC-USD_x,SAFE-USD,248.94933305483187,8.3407054710435
74,BTC-USD_x,CAKE-USD,-18.739678400489083,8.352107349067705
75,BTC-USD_x,TUSD-USD,-25928.08758709615,8.315185198822316
76,BTC-USD_x,BDX-USD,65383.96112476909,8.204826144643373
77,BTC-USD_x,SNX-USD,-157.91746928305565,8.365825261200408
78,BTC-USD_x,ARKM-USD,432.903651063536,8.276889792377894
79,BTC-USD_x,WOO-USD,63383.947656531585,7.909796096004319
80,BTC-USD_x,PAXG-USD,-5.471383788625076,8.288369499616838
81,BTC-USD_x,ETHFI-USD,-261.8454422019013,8.085768835112992
82,BTC-USD_x,ASTR-USD,32709.629570841615,8.323844270259753
83,BTC-USD_x,BABYDOGE-USD,249250217727.43066,8.17951570560074
84,BTC-USD_x,MASK-USD,1418.3204424483847,8.278680333329755
85,BTC-USD_x,MSOL-USD,7.630607273430677,8.2844363333751
86,BTC-USD_x,GOAT-USD,6269.3084446303255,8.34858424750711
87,BTC-USD_x,RON-USD,459.2915177675368,8.27688979237791
88,BTC-USD_x,PNUT-USD,-5412.75500098735,8.356508818938359
89,BTC-USD_x,XEC-USD,5974854.275911391,8.354821374388226
90,BTC-USD_x,GIGA-USD,-3613.2771279863373,8.335321276692143
91,BTC-USD_x,"BTW,RAYDIUM,4YTPZGVONB66BFS6NRCUAAVSLDTYK2FHQ4U92JNJPUMP-USD",1694599.354532972,8.320331417088902
92,BTC-USD_x,"YOUNES,RAYDIUM,ANAUIZ2JJRVNTYW8CD7USQ4LRWB1PTGHYRGMWPXTPUMP-USD",21389825.196258664,8.329563361109708
93,BTC-USD_x,"UFO,RAYDIUM,99MYNE1MVNSSV2KAKZZDFNNWF5XB4SASJNACRXDBPUMP-USD",4730976.069324596,8.277820249472596
94,BTC-USD_x,BADGER-USD,271.9178599201098,8.327896350925819
95,BTC-USD_x,ONE-USD,-84030.18899556465,7.920063829444293
96,BTC-USD_x,OSMO-USD,-15492.083782129856,8.090447891488067
97,BTC-USD_y,LINK-USD,857.064947984372,9.799562538364961
98,BTC-USD_y,SOL-USD,26.27741900379889,8.483513581786848
99,BTC-USD_y,ADA-USD,5079.02583331082,9.042611583945888
100,BTC-USD_y,LTC-USD,18.874614055266502,8.477699836319424
101,BTC-USD_y,ATOM-USD,2277.701590559388,8.919290977986781
102,BTC-USD_y,DOT-USD,2168.9435753508396,8.971476282437395
103,BTC-USD_y,UNI-USD,644.4732913589501,9.294105930717421
104,BTC-USD_y,BCH-USD,64.13918674574875,9.502794816640531
105,BTC-USD_y,TRX-USD,39629.75171565652,8.833370620380748
106,BTC-USD_y,MKR-USD,0.38142719509002454,8.397947878435946
107,BTC-USD_y,XLM-USD,39448.27478382324,9.295161589268629
108,BTC-USD_y,ETC-USD,1010.96834196114,9.597492194535649
109,BTC-USD_y,COMP-USD,119.43456349110569,8.628505913761519
110,BTC-USD_y,WLD-USD,11650.646791297622,10.31892220523
111,BTC-USD_y,APE-USD,14842.098858924024,9.699974800903306
112,BTC-USD_y,APT-USD,2181.503052131232,8.828493570819736
113,BTC-USD_y,LDO-USD,1777.9624585502381,9.057594726122241
114,BTC-USD_y,SEI-USD,23549.04042992343,8.62794301808675
115,BTC-USD_y,XRP-USD,2216.005351337049,8.695837470108275
116,BTC-USD_y,NEO-USD,-578.3044978170119,8.15008016977227
117,BTC-USD_y,ZEC-USD,-19.951675098505575,8.33095739583141
118,BTC-USD_y,MOG-USD,-536904793.7770844,8.355559229563548
119,BTC-USD_y,TREMP-USD,569.2994218757904,8.346952607882777
120,BTC-USD_y,ZK-USD,223763.13973745302,8.86283445017364
121,BTC-USD_y,DJT-USD,22691.0587545054,8.357110904892226
122,BTC-USD_y,IO-USD,300.6616164550217,8.293287589105644
123,BTC-USD_y,SC-USD,22259.71594250301,8.527190465529767
124,BTC-USD_y,BOME-USD,2522118.4802285805,8.25460804614876
125,BTC-USD_y,MICHI-USD,1197.9008668643037,8.346952607882775
126,BTC-USD_y,BNB-USD,0.4534025124627572,8.405248529086617
127,BTC-USD_y,TON-USD,3252.7478290174595,9.726859722892563
128,BTC-USD_y,DAI-USD,-4737722.08620296,7.975354358215508
129,BTC-USD_y,ICP-USD,3273.83352029058,9.164706885530036
130,BTC-USD_y,XMR-USD,-13.844976595378789,8.276583716444131
131,BTC-USD_y,HBAR-USD,2479.9472508379295,8.089278181672201
132,BTC-USD_y,CRO-USD,-8603.810653391178,8.18403765337394
133,BTC-USD_y,MNT-USD,556.9148787081358,8.37907226451993
134,BTC-USD_y,WIF-USD,10137.47315786366,9.181414576462023
135,BTC-USD_y,FLOKI-USD,128307973.44323075,9.843185038488942
136,BTC-USD_y,RUNE-USD,2867.576762600883,8.601161901694955
137,BTC-USD_y,ALGO-USD,32953.921693973556,9.09807721109779
138,BTC-USD_y,FLR-USD,433521.1210115779,8.366740527397138
139,BTC-USD_y,STRK-USD,73468.6319630107,9.214358666225877
140,BTC-USD_y,ENS-USD,435.68537023304236,9.986009592534952
141,BTC-USD_y,TRY-USD,2812981.665366005,7.8096234171494485
142,BTC-USD_y,EIGEN-USD,84.23577621404388,8.35308759228964
143,BTC-USD_y,RLC-USD,95.2150842785602,8.341435712035228
144,BTC-USD_y,QTUM-USD,-92.29534409811345,8.354525267912589
145,BTC-USD_y,BEAM-USD,-41209.69573026756,8.057415990929607
146,BTC-USD_y,BAT-USD,-26738.92442548083,8.27545488861614
147,BTC-USD_y,IOTA-USD,-24302.754244685144,8.235477244451834
148,BTC-USD_y,FET-USD,-133.40314742296357,8.335233843235056
149,BTC-USD_y,"WSTETH,UNISWAP_V3,0X7F39C581F595B53C5CB19BD0B3F8DA6C935E2CA0-USD",-0.14507250766673474,8.365825261200415
150,BTC-USD_y,USDE-USD,139741.99653052457,8.038624941624915
151,BTC-USD_y,POL-USD,-25590.627284544433,8.090447891488068
152,BTC-USD_y,"RETH,UNISWAP_V3,0XAE78736CD615F374D3085123A210448E74FC6393-USD",0.07865304582509625,8.375954534030411
153,BTC-USD_y,HNT-USD,160.67403747750598,8.20130173054329
154,BTC-USD_y,ENA-USD,1965.1505593939364,8.090447891488063
155,BTC-USD_y,RAY-USD,106.93916323511212,8.348584247507091
156,BTC-USD_y,NEIRO-USD,-8743.908778481404,8.184037653373947
157,BTC-USD_y,CFX-USD,2274.8849754774446,8.179515705600766
158,BTC-USD_y,NEXO-USD,363.9219239846461,8.355236576725277
159,BTC-USD_y,STORJ-USD,5740.013657837269,8.519386795603662
160,BTC-USD_y,ZRX-USD,2829.675807663698,8.160050214735541
161,BTC-USD_y,W-USD,3115.3123435821108,8.036737533870916
162,BTC-USD_y,CVC-USD,4835.066793008751,8.276889792377911
163,BTC-USD_y,"GIGA,RAYDIUM,63LFDMNB3MQ8MW9MTZ2TO9BEA2M71KZUUGQ5TIJXCQJ9-USD",98.81370961201901,8.357890259875282
164,BTC-USD_y,TURBO-USD,-528307.2085376098,8.243709737361744
165,BTC-USD_y,PYUSD-USD,-41996.17871378045,8.149154324402774
166,BTC-USD_y,FTT-USD,102.56996590547305,8.274662468005046
167,BTC-USD_y,SAND-USD,759.9343651883082,8.316070976750494
168,BTC-USD_y,CHZ-USD,6127081.35040918,8.347733690198012
169,BTC-USD_y,CKB-USD,30292.58781525065,8.358334195562545
170,BTC-USD_y,SAFE-USD,248.94933305483187,8.3407054710435
171,BTC-USD_y,CAKE-USD,-18.739678400489083,8.352107349067705
172,BTC-USD_y,TUSD-USD,-25928.08758709615,8.315185198822316
173,BTC-USD_y,BDX-USD,65383.96112476909,8.204826144643373
174,BTC-USD_y,SNX-USD,-157.91746928305565,8.365825261200408
175,BTC-USD_y,ARKM-USD,432.903651063536,8.276889792377894
176,BTC-USD_y,WOO-USD,63383.947656531585,7.909796096004319
177,BTC-USD_y,PAXG-USD,-5.471383788625076,8.288369499616838
178,BTC-USD_y,ETHFI-USD,-261.8454422019013,8.085768835112992
179,BTC-USD_y,ASTR-USD,32709.629570841615,8.323844270259753
180,BTC-USD_y,BABYDOGE-USD,249250217727.43066,8.17951570560074
181,BTC-USD_y,MASK-USD,1418.3204424483847,8.278680333329755
182,BTC-USD_y,MSOL-USD,7.630607273430677,8.2844363333751
183,BTC-USD_y,GOAT-USD,6269.3084446303255,8.34858424750711
184,BTC-USD_y,RON-USD,459.2915177675368,8.27688979237791
185,BTC-USD_y,PNUT-USD,-5412.75500098735,8.356508818938359
186,BTC-USD_y,XEC-USD,5974854.275911391,8.354821374388226
187,BTC-USD_y,GIGA-USD,-3613.2771279863373,8.335321276692143
188,BTC-USD_y,"BTW,RAYDIUM,4YTPZGVONB66BFS6NRCUAAVSLDTYK2FHQ4U92JNJPUMP-USD",1694599.354532972,8.320331417088902
189,BTC-USD_y,"YOUNES,RAYDIUM,ANAUIZ2JJRVNTYW8CD7USQ4LRWB1PTGHYRGMWPXTPUMP-USD",21389825.196258664,8.329563361109708
190,BTC-USD_y,"UFO,RAYDIUM,99MYNE1MVNSSV2KAKZZDFNNWF5XB4SASJNACRXDBPUMP-USD",4730976.069324596,8.277820249472596
191,BTC-USD_y,BADGER-USD,271.9178599201098,8.327896350925819
192,BTC-USD_y,ONE-USD,-84030.18899556465,7.920063829444293
193,BTC-USD_y,OSMO-USD,-15492.083782129856,8.090447891488067
194,ETH-USD,SOL-USD,-1.3919470738855373,7.446452544133897
195,ETH-USD,ADA-USD,749.8259010044654,9.888576461230636
196,ETH-USD,LTC-USD,2.862124908923962,7.946057297945267
197,ETH-USD,ATOM-USD,165.8611142788509,9.847323483613335
198,ETH-USD,MKR-USD,0.14749537246169245,6.954114378906613
199,ETH-USD,BLUR-USD,6940.618466906515,8.255194237052873
200,ETH-USD,OP-USD,949.4397034239909,8.42216737001188
201,ETH-USD,SEI-USD,1957.9248348923622,7.873186909029589
202,ETH-USD,XRP-USD,225.31162566184122,8.75234749929387
203,ETH-USD,TIA-USD,113.45516697732873,8.97534094565036
204,ETH-USD,NEO-USD,-93.56114116543162,7.4173515993567865
205,ETH-USD,ZEC-USD,11.074190557010303,7.63301528711038
206,ETH-USD,BONK-USD,-4646265.095873969,9.372799055448851
207,ETH-USD,MOG-USD,-3224490615.5451527,6.336007083235317
208,ETH-USD,TREMP-USD,-462.25283362290406,6.835047413461702
209,ETH-USD,DJT-USD,-2784.1003578866503,9.945177073755449
210,ETH-USD,IO-USD,-2.1468765297892904,10.249510774744442
211,ETH-USD,SC-USD,26250.948284961538,7.284011857167327
212,ETH-USD,BOME-USD,-510505.0744171515,7.18280596684566
213,ETH-USD,MICHI-USD,-972.6570040814934,6.835047413461723
214,ETH-USD,BNB-USD,0.7365734598269909,9.632106324563686
215,ETH-USD,TON-USD,-3.8796387174638696,10.209504106536096
216,ETH-USD,DAI-USD,-584383.677024905,7.403303764076827
217,ETH-USD,XMR-USD,1.903941272595307,7.995739768696102
218,ETH-USD,HBAR-USD,-357.188070738728,7.523748379826307
219,ETH-USD,CRO-USD,-1392.6440771799867,7.827682987579926
220,ETH-USD,MNT-USD,-397.7860225486369,6.598420238327246
221,ETH-USD,INJ-USD,46.68498130336856,7.92146671567161
222,ETH-USD,RUNE-USD,58.81269462076778,10.781684051051547
223,ETH-USD,ALGO-USD,-18.950023813248777,10.230623708553255
224,ETH-USD,FLR-USD,-9817.751031478558,9.083863435563131
225,ETH-USD,ENS-USD,50.94064662421924,4.981230212869037
226,ETH-USD,TRY-USD,-438813.15838315984,7.211377153391219
227,ETH-USD,EIGEN-USD,-50.63319277903538,7.190447595768891
228,ETH-USD,RLC-USD,-79.83809662131009,6.228002439871861
229,ETH-USD,QTUM-USD,174.7870065321747,8.068680663739123
230,ETH-USD,BEAM-USD,-5466.902550382201,7.4783229587716304
231,ETH-USD,BAT-USD,6822.324664157376,7.411555721298459
232,ETH-USD,IOTA-USD,-6790.526460718736,6.660887861450282
233,ETH-USD,FET-USD,-81.11929474722403,8.457899599013707
234,ETH-USD,"WSTETH,UNISWAP_V3,0X7F39C581F595B53C5CB19BD0B3F8DA6C935E2CA0-USD",-0.08296047313782656,7.707466393962466
235,ETH-USD,USDE-USD,4682.728801976673,10.26160615016014
236,ETH-USD,POL-USD,3708.8755336557642,7.562723086109588
237,ETH-USD,"RETH,UNISWAP_V3,0XAE78736CD615F374D3085123A210448E74FC6393-USD",-0.045790705368524705,9.198735746690124
238,ETH-USD,HNT-USD,-31.871785468616125,7.470252091585084
239,ETH-USD,ENA-USD,-284.8112611168926,7.562723086109614
240,ETH-USD,RAY-USD,-130.55337875366226,6.369179652768522
241,ETH-USD,NEIRO-USD,-1415.3208691263483,7.827682987579935
242,ETH-USD,CFX-USD,-426.35214289778366,8.104411712449851
243,ETH-USD,NEXO-USD,977.1044294985718,6.418124776891189
244,ETH-USD,STORJ-USD,1722.058168318876,6.805910201315956
245,ETH-USD,NMR-USD,69.69143857873033,6.237558752135991
246,ETH-USD,ZRX-USD,-382.4071382173844,8.900448982641379
247,ETH-USD,W-USD,-393.09783456006176,7.490654614748123
248,ETH-USD,CVC-USD,-1179.765594386292,8.194210816460656
249,ETH-USD,"GIGA,RAYDIUM,63LFDMNB3MQ8MW9MTZ2TO9BEA2M71KZUUGQ5TIJXCQJ9-USD",-5320.679554465629,8.400150478129138
250,ETH-USD,TURBO-USD,-85003.03747495635,8.049349325430686
251,ETH-USD,PYUSD-USD,7079.704199138449,8.089541636410317
252,ETH-USD,FTT-USD,-25.261940813531304,9.010628005499624
253,ETH-USD,SAND-USD,-264.10734311823046,7.406628893052728
254,ETH-USD,CHZ-USD,2766849.280554316,8.23026935786935
255,ETH-USD,CKB-USD,-15666.382899582413,8.235765378298822
256,ETH-USD,SAFE-USD,-105.75095317826651,6.838420662592101
257,ETH-USD,CAKE-USD,-76.39750832970483,8.547835678394142
258,ETH-USD,TUSD-USD,-7078.9655382828,8.816817944041095
259,ETH-USD,BDX-USD,-12220.812141378177,6.924228064661071
260,ETH-USD,SNX-USD,-90.30593169691059,7.707466393962435
261,ETH-USD,ARKM-USD,-105.62932324893407,8.194210816460656
262,ETH-USD,WOO-USD,-2509.2402008399877,9.718479302386006
263,ETH-USD,PAXG-USD,1.2286102403343833,8.606119030236409
264,ETH-USD,ETHFI-USD,-32.55122147520438,7.853161425625482
265,ETH-USD,ASTR-USD,9834.571459032326,8.01534644903357
266,ETH-USD,BABYDOGE-USD,-46713730844.124535,8.104411712449872
267,ETH-USD,MASK-USD,44.38622709526496,10.304041811192917
268,ETH-USD,MSOL-USD,0.22437903033379558,10.25886918939922
269,ETH-USD,GOAT-USD,-7653.691829434046,6.369179652768468
270,ETH-USD,RON-USD,-112.0680134634494,8.194210816460656
271,ETH-USD,PNUT-USD,641.560563619413,9.957283119239344
272,ETH-USD,XEC-USD,-12124523.008202376,8.376831693463908
273,ETH-USD,GIGA-USD,-1410.850545339303,7.574678101728299
274,ETH-USD,"BTW,RAYDIUM,4YTPZGVONB66BFS6NRCUAAVSLDTYK2FHQ4U92JNJPUMP-USD",-513440.1464526161,7.760082217662153
275,ETH-USD,"YOUNES,RAYDIUM,ANAUIZ2JJRVNTYW8CD7USQ4LRWB1PTGHYRGMWPXTPUMP-USD",-10936704.514694875,7.090970098638697
276,ETH-USD,"UFO,RAYDIUM,99MYNE1MVNSSV2KAKZZDFNNWF5XB4SASJNACRXDBPUMP-USD",-627244.1565673884,8.11283527012836
277,ETH-USD,BADGER-USD,-94.56070252013922,7.042493004082264
278,ETH-USD,ONE-USD,-9210.21350966207,7.474427759187074
279,ETH-USD,OSMO-USD,2245.283394813756,7.562723086109633
280,LINK-USD,SOL-USD,0.03183786740013225,10.245791708210223
281,LINK-USD,MKR-USD,-0.0016205043466036592,8.536266133576955
282,LINK-USD,SEI-USD,-5.497119280643339,11.71949572295099
283,LINK-USD,TIA-USD,-0.47508847688585387,11.341473747684354
284,LINK-USD,NEO-USD,1.2198276060312239,8.805357017992023
285,LINK-USD,ZEC-USD,-0.17742437858436305,7.2218441747529605
286,LINK-USD,BONK-USD,481239.0079760129,7.751312211327689
287,LINK-USD,DAI-USD,7256.626281069761,9.759593201248595
288,LINK-USD,HBAR-USD,3.935319012765339,10.343056783358206
289,LINK-USD,CRO-USD,18.158463197422705,10.121879683110683
290,LINK-USD,FLR-USD,517.3855534320838,8.041132907288018
291,LINK-USD,TRY-USD,4680.209411376124,8.586085161278342
292,LINK-USD,BEAM-USD,68.52491197315555,9.391747832024064
293,LINK-USD,IOTA-USD,57.0488576597163,11.022749517377223
294,LINK-USD,"WSTETH,UNISWAP_V3,0X7F39C581F595B53C5CB19BD0B3F8DA6C935E2CA0-USD",0.001305515777309769,7.35633745029456
295,LINK-USD,POL-USD,-53.523186520706005,8.179572558405148
296,LINK-USD,HNT-USD,0.34819266123351467,10.233991749574686
297,LINK-USD,ENA-USD,4.110142309610708,8.179572558405148
298,LINK-USD,NEIRO-USD,18.45414225766602,10.121879683110684
299,LINK-USD,W-USD,4.725241037507582,9.857024770660326
300,LINK-USD,CVC-USD,14.760548519327898,10.945616137524013
301,LINK-USD,TURBO-USD,1083.320882125196,9.837371364420452
302,LINK-USD,PYUSD-USD,-124.06201826025648,7.017616313340891
303,LINK-USD,FTT-USD,0.46259128786708154,9.223758130028328
304,LINK-USD,CHZ-USD,-38940.21891271962,10.015458140454825
305,LINK-USD,TUSD-USD,112.15878592538897,10.086576307388068
306,LINK-USD,SNX-USD,1.4211083200923862,7.356337450294575
307,LINK-USD,ARKM-USD,1.3215733348205656,10.945616137524013
308,LINK-USD,WOO-USD,100.94116369421283,8.59161303597716
309,LINK-USD,ETHFI-USD,0.4043942971378149,9.972052804099198
310,LINK-USD,ASTR-USD,-119.66746958177009,10.343992997885426
311,LINK-USD,MSOL-USD,0.02626301168588659,10.402487130565609
312,LINK-USD,RON-USD,1.4021305232692631,10.945616137524015
313,LINK-USD,GIGA-USD,21.135335081598974,7.67043101576213
314,LINK-USD,ONE-USD,113.40497773048682,9.743282942994623
315,LINK-USD,OSMO-USD,-32.40192905962224,8.179572558405129
316,CRV-USD,MKR-USD,-8.654992870807484e-06,12.87531221312273
317,CRV-USD,ZEC-USD,-0.0019234450466987909,12.547785688559655
318,CRV-USD,MOG-USD,365980.347532755,12.69918604679677
319,CRV-USD,TREMP-USD,0.048513240502505946,12.74897795179793
320,CRV-USD,DJT-USD,-4.199043631495744,10.2185784147992
321,CRV-USD,IO-USD,-0.019609999751084458,11.147226211833866
322,CRV-USD,MICHI-USD,0.10207994355736331,12.748977951797901
323,CRV-USD,HBAR-USD,0.07357548813883003,12.216800208935583
324,CRV-USD,STX-USD,0.46920840092254046,9.019456980090984
325,CRV-USD,WIF-USD,-0.022825777261731104,12.551540981814878
326,CRV-USD,EIGEN-USD,0.007539844396795279,12.526832059978437
327,CRV-USD,QTUM-USD,-0.030056760930390718,12.608370790014336
328,CRV-USD,BAT-USD,-1.4979818719454574,12.056026436080716
329,CRV-USD,"WSTETH,UNISWAP_V3,0X7F39C581F595B53C5CB19BD0B3F8DA6C935E2CA0-USD",9.684622515599034e-06,12.785012089578393
330,CRV-USD,USDE-USD,-4.302938548072113,12.151733205129169
331,CRV-USD,POL-USD,-0.693393590120848,12.423651775269374
332,CRV-USD,"RETH,UNISWAP_V3,0XAE78736CD615F374D3085123A210448E74FC6393-USD",-3.79765841388804e-05,9.692219145338012
333,CRV-USD,HNT-USD,0.006815754273744265,12.047312334479745
334,CRV-USD,ENA-USD,0.05324694804683016,12.423651775269338
335,CRV-USD,NEXO-USD,-0.14058795224744375,12.559230936121006
336,CRV-USD,ZRX-USD,0.11266010859975867,12.657239135043957
337,CRV-USD,W-USD,0.07760923614701354,12.411736277262015
338,CRV-USD,PYUSD-USD,-1.5744527436518856,12.280904761373762
339,CRV-USD,FTT-USD,0.006604142846842378,12.446943204062027
340,CRV-USD,CKB-USD,-5.50856922178986,11.717056165507227
341,CRV-USD,SAFE-USD,0.009460184397441946,12.897386001794139
342,CRV-USD,TUSD-USD,1.1935500262152572,12.812201739498402
343,CRV-USD,SNX-USD,0.01054211513416749,12.785012089578396
344,CRV-USD,ASTR-USD,-1.367662662641024,12.793133849169092
345,CRV-USD,MASK-USD,-0.07142015196417804,11.63359870759865
346,CRV-USD,PNUT-USD,0.9881291910703813,10.204285847984691
347,CRV-USD,XEC-USD,-5104.309652065396,11.808406634274045
348,CRV-USD,GIGA-USD,0.14199162465740334,12.888504735504295
349,CRV-USD,"YOUNES,RAYDIUM,ANAUIZ2JJRVNTYW8CD7USQ4LRWB1PTGHYRGMWPXTPUMP-USD",1976.2170016954215,12.248544038452819
350,CRV-USD,BADGER-USD,0.007988775421345365,12.934814744023038
351,CRV-USD,OSMO-USD,-0.41976742002836365,12.423651775269336
352,SOL-USD,HBAR-USD,162.94146789599307,11.724684915591457
353,SOL-USD,TRY-USD,195346.1825486775,3.757910800261696
354,SOL-USD,POL-USD,-1790.76406492793,7.257878694993198
355,SOL-USD,HNT-USD,14.114653579483065,12.219443252257323
356,SOL-USD,ENA-USD,137.51601181187368,7.257878694993153
357,SOL-USD,W-USD,186.54643920931633,9.390799254000159
358,SOL-USD,PYUSD-USD,-3716.539282957411,7.829552641527517
359,SOL-USD,OSMO-USD,-1084.0948375124456,7.25787869499311
360,ADA-USD,XMR-USD,0.0030687139651442976,8.757768433018
361,ADA-USD,MNT-USD,-0.4201881268776899,11.604218858492247
362,ADA-USD,FET-USD,-0.13173042832180312,10.231663946893818
363,ADA-USD,CFX-USD,-0.6150907030257767,10.605222656735856
364,ADA-USD,STORJ-USD,1.939172816103695,6.0033299177824855
365,ADA-USD,SAND-USD,-0.31919593200768387,11.203292529945273
366,ADA-USD,CKB-USD,-27.281137070120128,5.541112271123903
367,ADA-USD,BABYDOGE-USD,-67393074.06919466,10.60522265673587
368,ADA-USD,XEC-USD,-19845.77256890312,8.531531219231494
369,ADA-USD,"BTW,RAYDIUM,4YTPZGVONB66BFS6NRCUAAVSLDTYK2FHQ4U92JNJPUMP-USD",-773.8623067648161,7.072960111653172
370,ADA-USD,"UFO,RAYDIUM,99MYNE1MVNSSV2KAKZZDFNNWF5XB4SASJNACRXDBPUMP-USD",-1053.9147291026798,8.340196827415268
371,AVAX-USD,ICP-USD,4.3151117423265575,6.351052601284533
372,AVAX-USD,RUNE-USD,6.706539980409134,8.419836399882573
373,AVAX-USD,TRY-USD,6324.311658013126,11.273929249452433
374,FIL-USD,ATOM-USD,0.48716658514098277,6.103806031985821
375,FIL-USD,DOT-USD,0.4294151915415274,9.001895826770351
376,FIL-USD,SUI-USD,0.4650096129149919,8.527258283404253
377,FIL-USD,MOG-USD,-3614611.980431496,11.98440601331748
378,FIL-USD,TREMP-USD,-0.6063581662211779,11.87346037099027
379,FIL-USD,ZRO-USD,0.7156278540481104,6.212833836323038
380,FIL-USD,DJT-USD,-20.731278184166754,10.29786986569772
381,FIL-USD,IO-USD,-0.09610812873890985,11.145899548652867
382,FIL-USD,BOME-USD,-867.5583729533528,11.141970088579022
383,FIL-USD,MICHI-USD,-1.2758786414237029,11.87346037099027
384,FIL-USD,DAI-USD,-743.6591842677967,12.056811352123425
385,FIL-USD,XMR-USD,0.0034700621051755513,11.413881898733441
386,FIL-USD,CRO-USD,-1.4891476339524161,12.511484343092699
387,FIL-USD,MNT-USD,-0.5841804705462891,11.065239220071193
388,FIL-USD,INJ-USD,0.1097061931407777,6.535433556395148
389,FIL-USD,FLOKI-USD,23416.599923479556,9.427614290660504
390,FIL-USD,RLC-USD,-0.1020370827888421,11.565798459377497
391,FIL-USD,BEAM-USD,-6.4800511858217265,12.282810026687581
392,FIL-USD,IOTA-USD,-10.207106562846679,11.20888470077039
393,FIL-USD,FET-USD,-0.23231043911095475,9.697674460136243
394,FIL-USD,"RETH,UNISWAP_V3,0XAE78736CD615F374D3085123A210448E74FC6393-USD",-0.0001902037787003272,9.557202260508491
395,FIL-USD,RAY-USD,-0.18446206568905765,11.238396192767823
396,FIL-USD,NEIRO-USD,-1.5133958188446177,12.511484343092722
397,FIL-USD,CFX-USD,-0.7245904297148797,11.949576394203351
398,FIL-USD,NEXO-USD,0.8972876528771834,12.422835252729946
399,FIL-USD,STORJ-USD,3.455162767285465,8.537674546042739
400,FIL-USD,NMR-USD,0.207076747720102,3.9458924379058593
401,FIL-USD,"GIGA,RAYDIUM,63LFDMNB3MQ8MW9MTZ2TO9BEA2M71KZUUGQ5TIJXCQJ9-USD",-16.932193232274265,9.113337722652524
402,FIL-USD,TURBO-USD,-90.36727041349877,12.61132878936505
403,FIL-USD,SAND-USD,-0.40053682295448767,11.594428175903502
404,FIL-USD,CKB-USD,-37.61947982687361,10.465198549107848
405,FIL-USD,SAFE-USD,-0.14313495896153133,11.689657560247142
406,FIL-USD,CAKE-USD,-0.2551064754454538,9.149623601011465
407,FIL-USD,BDX-USD,-13.941603768165624,12.248794350357631
408,FIL-USD,ETHFI-USD,-0.039169092784331214,12.241414493722095
409,FIL-USD,BABYDOGE-USD,-79390529.33069104,11.94957639420335
410,FIL-USD,GOAT-USD,-10.81408860102183,11.238396192767794
411,FIL-USD,PNUT-USD,4.859102226749297,10.31601677160244
412,FIL-USD,XEC-USD,-31003.011019137244,9.968418854013397
413,FIL-USD,"BTW,RAYDIUM,4YTPZGVONB66BFS6NRCUAAVSLDTYK2FHQ4U92JNJPUMP-USD",-984.9043286071742,11.136619994473776
414,FIL-USD,"UFO,RAYDIUM,99MYNE1MVNSSV2KAKZZDFNNWF5XB4SASJNACRXDBPUMP-USD",-1199.1522818589583,11.340620475192527
415,FIL-USD,BADGER-USD,-0.13253775915118504,11.669374145099564
416,FIL-USD,ONE-USD,-11.492840069557442,12.076354068167351
417,LTC-USD,OP-USD,170.5295951154158,15.571052586684887
418,LTC-USD,FET-USD,-36.84967757241455,10.65319055673732
419,LTC-USD,"GIGA,RAYDIUM,63LFDMNB3MQ8MW9MTZ2TO9BEA2M71KZUUGQ5TIJXCQJ9-USD",-2699.906414635905,11.704620086775304
420,LTC-USD,CAKE-USD,-40.64731276256656,12.091777686662688
421,LTC-USD,"BTW,RAYDIUM,4YTPZGVONB66BFS6NRCUAAVSLDTYK2FHQ4U92JNJPUMP-USD",-187338.5538289231,11.479296823030497
422,DOGE-USD,WOO-USD,2.104000663655076,9.7738008136319
423,ATOM-USD,DOT-USD,0.8937984276923501,4.681784454160752
424,ATOM-USD,COMP-USD,0.06029234826311346,11.114939895405966
425,ATOM-USD,ARB-USD,9.425274877294719,5.967676789765021
426,ATOM-USD,SUI-USD,0.9162717444115325,5.849116515975231
427,ATOM-USD,ZRO-USD,1.3153579285935222,7.035196050274635
428,ATOM-USD,INJ-USD,0.20304867642018476,8.332981805124083
429,ATOM-USD,FET-USD,-0.5460354819256311,11.36919374746749
430,ATOM-USD,"GIGA,RAYDIUM,63LFDMNB3MQ8MW9MTZ2TO9BEA2M71KZUUGQ5TIJXCQJ9-USD",-39.754686764185536,10.718307380147502
431,ATOM-USD,CAKE-USD,-0.5959669708822131,10.929679190417174
432,DOT-USD,ARB-USD,9.360296641858154,9.214862048539697
433,DOT-USD,SUI-USD,0.965261969392004,4.998067438842361
434,DOT-USD,XMR-USD,0.01044831620597526,11.93669049818969
435,DOT-USD,STORJ-USD,6.446253810747399,11.683539437358224
436,DOT-USD,"UFO,RAYDIUM,99MYNE1MVNSSV2KAKZZDFNNWF5XB4SASJNACRXDBPUMP-USD",-3581.8478374867855,11.807041415884854
437,BCH-USD,ZEC-USD,-1.9907328360342658,11.821499643078168
438,BCH-USD,RENDER-USD,42.19405719738676,5.8637836336583575
439,BCH-USD,HBAR-USD,61.95102435593393,11.828264587950121
440,BCH-USD,RUNE-USD,62.02909398727989,10.085796626962242
441,BCH-USD,TRY-USD,75846.53002478083,10.265029878035788
442,BCH-USD,POL-USD,-717.500102854246,10.732507860948203
443,BCH-USD,HNT-USD,5.222706743666036,11.876265764569
444,BCH-USD,ENA-USD,55.098130765260734,10.732507860948228
445,BCH-USD,W-USD,72.74959177477432,11.515136524688783
446,BCH-USD,PYUSD-USD,-1497.6462407139786,10.751066689195852
447,BCH-USD,OSMO-USD,-434.361048813149,10.732507860948234
448,TRX-USD,WIF-USD,-0.042591317448029305,14.939717144463765
449,TRX-USD,FLR-USD,-2.431459513755792,14.333456175249967
450,TRX-USD,FET-USD,-0.013292660741014754,14.757344927483492
451,TRX-USD,"RETH,UNISWAP_V3,0XAE78736CD615F374D3085123A210448E74FC6393-USD",-1.0436636965779885e-05,15.404834561232109
452,TRX-USD,STORJ-USD,0.2059189667164662,9.672258637172009
453,TRX-USD,CKB-USD,-2.248883724276616,16.062986605251407
454,NEAR-USD,NMR-USD,0.235104773703273,6.768335914822625
455,MKR-USD,TRY-USD,-2445009.5826681904,13.845934541393362
456,XLM-USD,MOG-USD,-782241.2533515695,11.963435714281491
457,XLM-USD,QTUM-USD,0.058014163391921864,10.398474810072907
458,ETC-USD,COMP-USD,0.15572968015671312,8.900741462270213
459,ETC-USD,ARB-USD,24.638215189097618,6.997148181173144
460,ETC-USD,LDO-USD,2.5081641604495495,12.453272382247343
461,ETC-USD,SUI-USD,2.2444760029430206,8.95097303607582
462,ETC-USD,TREMP-USD,-3.124425746123921,11.311560007509302
463,ETC-USD,ZRO-USD,3.529924957954694,5.572351166554076
464,ETC-USD,BOME-USD,-4627.822847393214,10.647489054218235
465,ETC-USD,MICHI-USD,-6.574312507468774,11.311560007509303
466,ETC-USD,BNB-USD,0.010837786649605875,10.084936076385
467,ETC-USD,XMR-USD,0.021312736850935647,10.347942581985349
468,ETC-USD,FLOKI-USD,123772.33921992776,6.671668449961911
469,ETC-USD,QTUM-USD,1.4518663720077807,11.220974503275224
470,ETC-USD,"RETH,UNISWAP_V3,0XAE78736CD615F374D3085123A210448E74FC6393-USD",-0.0009321269982412875,9.346791648628988
471,ETC-USD,CFX-USD,-4.5254475928412266,10.524934180109897
472,ETC-USD,STORJ-USD,15.527883967716965,9.2423960108904
473,ETC-USD,NMR-USD,0.8822227654330057,5.569934255753995
474,ETC-USD,"GIGA,RAYDIUM,63LFDMNB3MQ8MW9MTZ2TO9BEA2M71KZUUGQ5TIJXCQJ9-USD",-86.62099692081183,8.637128468654295
475,ETC-USD,SAND-USD,-2.5639693902764105,10.04056150219608
476,ETC-USD,CKB-USD,-215.8434825863568,9.019674237216094
477,ETC-USD,SAFE-USD,-0.8058558201009054,10.830853044887471
478,ETC-USD,CAKE-USD,-1.2980443285527605,8.720490379082209
479,ETC-USD,BABYDOGE-USD,-495835530.14264077,10.524934180109907
480,ETC-USD,XEC-USD,-172105.90577388686,9.246648699456612
481,ETC-USD,"BTW,RAYDIUM,4YTPZGVONB66BFS6NRCUAAVSLDTYK2FHQ4U92JNJPUMP-USD",-5650.286334319648,9.748591820413395
482,ETC-USD,"UFO,RAYDIUM,99MYNE1MVNSSV2KAKZZDFNNWF5XB4SASJNACRXDBPUMP-USD",-7372.1822593997695,10.246252269422618
483,ETC-USD,BADGER-USD,-0.7753592465020872,10.629640018520249
484,COMP-USD,SUI-USD,11.723011577028165,10.059382270340858
485,COMP-USD,BOME-USD,-35563.33132470967,15.568827135051228
486,COMP-USD,FET-USD,-8.359741731741305,11.482809996912055
487,COMP-USD,STORJ-USD,97.32514030175821,11.249351645400848
488,COMP-USD,"GIGA,RAYDIUM,63LFDMNB3MQ8MW9MTZ2TO9BEA2M71KZUUGQ5TIJXCQJ9-USD",-589.911931669088,12.81665086666296
489,COMP-USD,CKB-USD,-1562.1538240774946,10.474948050939904
490,COMP-USD,CAKE-USD,-8.996262494567395,12.604151024320908
491,COMP-USD,XEC-USD,-1222869.3670299877,11.018158772596736
492,COMP-USD,"BTW,RAYDIUM,4YTPZGVONB66BFS6NRCUAAVSLDTYK2FHQ4U92JNJPUMP-USD",-39257.70709292799,14.46481467012448
493,COMP-USD,"UFO,RAYDIUM,99MYNE1MVNSSV2KAKZZDFNNWF5XB4SASJNACRXDBPUMP-USD",-52208.37085498587,16.631953336824363
494,WLD-USD,HBAR-USD,0.3843482401387047,10.345637297087597
495,WLD-USD,TRY-USD,462.06607443874725,8.175984525224981
496,WLD-USD,EIGEN-USD,0.03743606998145324,12.371430066856332
497,WLD-USD,RLC-USD,0.04746667099634269,12.7250906406125
498,WLD-USD,BAT-USD,-6.974332482209905,10.755300836159964
499,WLD-USD,POL-USD,-4.259085198160527,9.804202291892436
500,WLD-USD,HNT-USD,0.033541294166119597,10.272871216552565
501,WLD-USD,ENA-USD,0.3270628565140449,9.804202291892423
502,WLD-USD,NEXO-USD,-0.5966780798193873,12.625587824368656
503,WLD-USD,PYUSD-USD,-8.960961217770384,9.648131494759472
504,WLD-USD,"YOUNES,RAYDIUM,ANAUIZ2JJRVNTYW8CD7USQ4LRWB1PTGHYRGMWPXTPUMP-USD",9056.957246449176,11.521218655593474
505,WLD-USD,OSMO-USD,-2.5783699630120838,9.804202291892425
506,APE-USD,SUI-USD,0.13614439744638504,9.623515085310794
507,APE-USD,ICP-USD,0.14465319174113106,6.391280178098581
508,APE-USD,STX-USD,0.7170633675040382,7.498020392547647
509,APE-USD,GRT-USD,5.216891185370418,5.996972470981772
510,APE-USD,RUNE-USD,0.21797105422991303,10.101476859582808
511,APE-USD,STORJ-USD,0.9502850572569268,11.700762489900987
512,APT-USD,NEO-USD,-0.470947788274685,11.206993265353674
513,APT-USD,IOTA-USD,-37.59271888590675,9.867144960209451
514,APT-USD,ONE-USD,-44.62638297865391,11.692285401665496
515,ARB-USD,SUI-USD,0.085551816228089,11.042526026738525
516,ARB-USD,ZRO-USD,0.13712351819835236,5.37751350610662
517,ARB-USD,DJT-USD,-4.241086572207507,12.292206285227643
518,ARB-USD,BOME-USD,-239.02324529680624,10.589343123635103
519,ARB-USD,BNB-USD,0.0004720962547274226,9.9339626287362
520,ARB-USD,XMR-USD,0.0010809994386255246,10.10309526990886
521,ARB-USD,MNT-USD,-0.16889077521628182,9.934919683888538
522,ARB-USD,INJ-USD,0.020230413028519842,9.511597145856896
523,ARB-USD,FLOKI-USD,4278.826103094511,13.852107429126937
524,ARB-USD,RLC-USD,-0.02883861151129046,11.77946139937981
525,ARB-USD,FET-USD,-0.05696662738034355,8.39623111834978
526,ARB-USD,"RETH,UNISWAP_V3,0XAE78736CD615F374D3085123A210448E74FC6393-USD",-4.3831031973875676e-05,9.317412007980087
527,ARB-USD,RAY-USD,-0.05078146794825107,11.010796935821658
528,ARB-USD,CFX-USD,-0.2273002610954109,10.831934100119089
529,ARB-USD,STORJ-USD,0.8094599139080527,6.981313315353953
530,ARB-USD,NMR-USD,0.039559244464587986,3.692045676522154
531,ARB-USD,"GIGA,RAYDIUM,63LFDMNB3MQ8MW9MTZ2TO9BEA2M71KZUUGQ5TIJXCQJ9-USD",-4.1057874416048445,8.177244345822615
532,ARB-USD,SAND-USD,-0.12362892948067018,10.60359113287065
533,ARB-USD,CKB-USD,-10.238705308509193,8.245851794429708
534,ARB-USD,SAFE-USD,-0.039979948229782035,12.217512176617168
535,ARB-USD,CAKE-USD,-0.06153846153846054,8.40692042079165
536,ARB-USD,BABYDOGE-USD,-24904397.443490848,10.831934100119115
537,ARB-USD,GOAT-USD,-2.9770635584663574,11.01079693582163
538,ARB-USD,XEC-USD,-8055.141780493566,8.54338061161909
539,ARB-USD,"BTW,RAYDIUM,4YTPZGVONB66BFS6NRCUAAVSLDTYK2FHQ4U92JNJPUMP-USD",-276.79282427764554,9.936034569359176
540,ARB-USD,"UFO,RAYDIUM,99MYNE1MVNSSV2KAKZZDFNNWF5XB4SASJNACRXDBPUMP-USD",-372.2003421251418,9.889932158506452
541,ARB-USD,BADGER-USD,-0.037561335560750635,11.934565495047114
542,BLUR-USD,SEI-USD,0.2660924837712975,7.466657380941672
543,BLUR-USD,TIA-USD,0.01629209688910726,10.11931822027936
544,BLUR-USD,NEO-USD,-0.009480713053267604,12.630930808872945
545,BLUR-USD,BOME-USD,-57.94650017502934,12.165413787243288
546,BLUR-USD,DAI-USD,-74.6536658230738,10.662380331090674
547,BLUR-USD,CRO-USD,-0.222918507129009,9.231989554782029
548,BLUR-USD,INJ-USD,0.005721208843296665,8.298082407699852
549,BLUR-USD,BEAM-USD,-0.6266346182446485,11.608204573585905
550,BLUR-USD,IOTA-USD,-0.7418410519248919,11.530925579467542
551,BLUR-USD,NEIRO-USD,-0.2265483481558656,9.231989554782043
552,BLUR-USD,STORJ-USD,0.1996462349789632,9.026320783509876
553,BLUR-USD,NMR-USD,0.009507279159137488,6.184147334605705
554,BLUR-USD,ZRX-USD,-0.06836642569979398,11.545157063439225
555,BLUR-USD,CVC-USD,-0.1696891673671612,10.881621566261934
556,BLUR-USD,TURBO-USD,-13.581331029389382,9.2467777213211
557,BLUR-USD,FTT-USD,-0.004705149202229011,11.407972188510778
558,BLUR-USD,CHZ-USD,484.4079278877243,9.277262071828947
559,BLUR-USD,TUSD-USD,-1.395183753887314,9.323649827859548
560,BLUR-USD,ARKM-USD,-0.015192977314270863,10.881621566261952
561,BLUR-USD,ETHFI-USD,-0.00463460118909172,9.922986648398812
562,BLUR-USD,ASTR-USD,1.6266637836390454,9.153657824205427
563,BLUR-USD,RON-USD,-0.016119073130791625,10.88162156626194
564,BLUR-USD,ONE-USD,-1.0045536540695983,12.418262317836565
565,LDO-USD,XRP-USD,0.7316871221945126,11.211612659298723
566,LDO-USD,MOG-USD,-9851822.385758983,12.103672537893319
567,LDO-USD,TREMP-USD,-1.5295365475986613,11.343472583742045
568,LDO-USD,SC-USD,76.7948724149091,7.104898260495077
569,LDO-USD,MICHI-USD,-3.218399818905512,11.343472583742049
570,LDO-USD,MNT-USD,-1.3377542113852745,9.652829861826003
571,LDO-USD,EIGEN-USD,-0.17681587398162002,11.711201881546092
572,LDO-USD,QTUM-USD,0.7354739843825503,7.930524024655061
573,LDO-USD,STORJ-USD,5.3922970030849875,7.9715921899539595
574,LDO-USD,SAND-USD,-0.934697681257367,11.891886400247945
575,LDO-USD,CKB-USD,-63.49139364544734,13.250729951302961
576,LDO-USD,SAFE-USD,-0.36446649452545277,9.827226183695032
577,LDO-USD,"BTW,RAYDIUM,4YTPZGVONB66BFS6NRCUAAVSLDTYK2FHQ4U92JNJPUMP-USD",-1923.0644298098764,12.489774226185654
578,LDO-USD,BADGER-USD,-0.3335519086600366,9.903446805149125
579,OP-USD,MOG-USD,-3155219.3021040317,9.431665404815268
580,OP-USD,TREMP-USD,-0.49746870939265764,9.177164991003712
581,OP-USD,SC-USD,27.079207943462897,7.8840389419371775
582,OP-USD,BOME-USD,-560.9882227202453,10.141590978884953
583,OP-USD,MICHI-USD,-1.046757076013701,9.17716499100374
584,OP-USD,XMR-USD,0.0025065659700718268,10.230629873297604
585,OP-USD,MNT-USD,-0.4346151803160672,8.379973795919378
586,OP-USD,INJ-USD,0.04779969074321639,9.502171939821851
587,OP-USD,EIGEN-USD,-0.0509854527738407,10.79093780336673
588,OP-USD,RLC-USD,-0.08132322414415848,8.63223072226586
589,OP-USD,QTUM-USD,0.1911933307021533,11.141586084250493
590,OP-USD,IOTA-USD,-6.341490656299002,11.337277868374013
591,OP-USD,FET-USD,-0.12533924596788784,9.705964699437882
592,OP-USD,"RETH,UNISWAP_V3,0XAE78736CD615F374D3085123A210448E74FC6393-USD",-9.92129099753029e-05,9.986712992636832
593,OP-USD,RAY-USD,-0.1390130874066304,8.203504328400916
594,OP-USD,CFX-USD,-0.5387116776276368,10.573913357758967
595,OP-USD,NEXO-USD,0.8607296539583684,10.538482081531804
596,OP-USD,STORJ-USD,2.021163575726705,5.758791631366611
597,OP-USD,NMR-USD,0.08824128507359515,4.4746666359042075
598,OP-USD,"GIGA,RAYDIUM,63LFDMNB3MQ8MW9MTZ2TO9BEA2M71KZUUGQ5TIJXCQJ9-USD",-9.363110007698614,8.46257257678968
599,OP-USD,SAND-USD,-0.3024362661115975,9.737264471180811
600,OP-USD,CKB-USD,-21.99960031716214,9.812776033494476
601,OP-USD,SAFE-USD,-0.11671312916824153,8.714809654195905
602,OP-USD,CAKE-USD,-0.13913950456323093,8.784108724874354
603,OP-USD,BDX-USD,-12.668178759381952,10.216404188664116
604,OP-USD,BABYDOGE-USD,-59024524.04776077,10.57391335775899
605,OP-USD,GOAT-USD,-8.149642249213967,8.203504328400877
606,OP-USD,XEC-USD,-17437.03897814278,10.213188542386003
607,OP-USD,"BTW,RAYDIUM,4YTPZGVONB66BFS6NRCUAAVSLDTYK2FHQ4U92JNJPUMP-USD",-649.2366212035022,9.739321970462395
608,OP-USD,"UFO,RAYDIUM,99MYNE1MVNSSV2KAKZZDFNNWF5XB4SASJNACRXDBPUMP-USD",-851.783137497392,10.233643455965435
609,OP-USD,BADGER-USD,-0.10681110704935226,8.833722342182277
610,PEPE-USD,SEI-USD,4.237188800407657e-06,10.780786204482743
611,PEPE-USD,SHIB-USD,0.5593628067275798,7.432674058097093
612,PEPE-USD,XRP-USD,1.244021727433867e-06,10.128115413181042
613,PEPE-USD,TIA-USD,2.1881991662193088e-07,10.634674297006166
614,PEPE-USD,NEO-USD,3.3180724975933124e-07,9.125009966870834
615,PEPE-USD,ZEC-USD,-5.036839928523318e-08,8.743386039630511
616,PEPE-USD,BONK-USD,0.2371786258668942,9.71653474510019
617,PEPE-USD,MOG-USD,-5.5158810907151326,9.655802601551047
618,PEPE-USD,TREMP-USD,-9.217557335281956e-07,9.65956439952846
619,PEPE-USD,ZK-USD,9.325160012589338e-05,8.47614264103266
620,PEPE-USD,DJT-USD,-5.539206215566082e-05,8.425244577662806
621,PEPE-USD,IO-USD,-2.5956987462973306e-07,8.657341764167898
622,PEPE-USD,SC-USD,0.00012327630875228355,9.996481446333085
623,PEPE-USD,BOME-USD,-0.0018309393027329734,9.29807486628835
624,PEPE-USD,MICHI-USD,-1.9395276892988084e-06,9.659564399528456
625,PEPE-USD,BNB-USD,5.7512995167464204e-09,9.091915729610474
626,PEPE-USD,DAI-USD,0.0016204266627892127,9.450260698781657
627,PEPE-USD,XMR-USD,6.9137524680673596e-09,9.26822570909931
628,PEPE-USD,RENDER-USD,1.6622779928416413e-06,5.098012815873083
629,PEPE-USD,HBAR-USD,1.0025026512939153e-06,9.375118202782343
630,PEPE-USD,CRO-USD,3.39969567913149e-06,9.623889367341333
631,PEPE-USD,STX-USD,7.63227196857682e-06,6.770803224476798
632,PEPE-USD,MNT-USD,-1.1527196891086465e-06,9.256893437531955
633,PEPE-USD,WIF-USD,2.4261223044454715e-06,12.139504816603601
634,PEPE-USD,INJ-USD,2.4612504999964296e-07,10.923304013470897
635,PEPE-USD,GRT-USD,5.417258530350741e-05,6.8504369704456405
636,PEPE-USD,FLOKI-USD,0.07418806990635636,10.023389086510893
637,PEPE-USD,RUNE-USD,1.9951844546017925e-06,8.380924960122714
638,PEPE-USD,ALGO-USD,1.78621627485134e-05,8.406330130845262
639,PEPE-USD,FLR-USD,0.00016488936085974688,10.186700855825107
640,PEPE-USD,TRY-USD,0.0012628065162930038,9.2604605303818
641,PEPE-USD,EIGEN-USD,-9.347608643771023e-08,9.685276531026384
642,PEPE-USD,RLC-USD,-1.5209477443457564e-07,9.634539411686749
643,PEPE-USD,QTUM-USD,4.3396180349247595e-07,9.564921047627701
644,PEPE-USD,BEAM-USD,1.6896392172340665e-05,9.299245834676183
645,PEPE-USD,BAT-USD,-1.2226386804951783e-05,9.627571243114126
646,PEPE-USD,IOTA-USD,4.289936947422912e-07,9.844057697462393
647,PEPE-USD,FET-USD,-5.650687893764515e-07,8.470642149259215
648,PEPE-USD,"WSTETH,UNISWAP_V3,0X7F39C581F595B53C5CB19BD0B3F8DA6C935E2CA0-USD",3.987571014387627e-10,8.552724345894122
649,PEPE-USD,USDE-USD,-4.554508489721209e-05,9.410812054927778
650,PEPE-USD,POL-USD,-1.4942571230547842e-05,8.9404360273586
651,PEPE-USD,"RETH,UNISWAP_V3,0XAE78736CD615F374D3085123A210448E74FC6393-USD",-4.677399698025994e-10,8.217343860726768
652,PEPE-USD,HNT-USD,8.429602875339664e-08,9.376572370016417
653,PEPE-USD,ENA-USD,1.1474670740182542e-06,8.940436027358587
654,PEPE-USD,RAY-USD,-3.5759363199169067e-07,9.38332283210848
655,PEPE-USD,NEIRO-USD,3.4550538232978575e-06,9.623889367341327
656,PEPE-USD,CFX-USD,-1.4264169875663833e-06,9.513682713270496
657,PEPE-USD,NEXO-USD,9.260129215499499e-07,9.801104412599118
658,PEPE-USD,STORJ-USD,8.73709288267497e-06,8.941111271417421
659,PEPE-USD,NMR-USD,6.19493635604743e-07,4.816623024334872
660,PEPE-USD,ZRX-USD,1.6999740035227579e-06,9.466461300744653
661,PEPE-USD,W-USD,1.3151272267762792e-06,9.259110426505135
662,PEPE-USD,CVC-USD,2.3273030094932747e-06,9.704037828247257
663,PEPE-USD,"GIGA,RAYDIUM,63LFDMNB3MQ8MW9MTZ2TO9BEA2M71KZUUGQ5TIJXCQJ9-USD",-4.067108747898474e-05,8.227804030605247
664,PEPE-USD,TURBO-USD,0.00019499970258549988,9.577674912483415
665,PEPE-USD,PYUSD-USD,-3.743958834530067e-05,8.54991027088932
666,PEPE-USD,FTT-USD,1.1173310466302157e-07,9.29596051481395
667,PEPE-USD,SAND-USD,-8.091120845458123e-07,9.456037439439086
668,PEPE-USD,CHZ-USD,-0.007732432954474771,9.603857659749051
669,PEPE-USD,CKB-USD,-9.754579354359373e-05,8.45584054866913
670,PEPE-USD,SAFE-USD,-2.386220587585279e-07,9.536478025955262
671,PEPE-USD,CAKE-USD,-6.197867593799641e-07,8.211876284252401
672,PEPE-USD,TUSD-USD,2.362336947925172e-05,9.569178190516656
673,PEPE-USD,BDX-USD,-8.042927053958907e-06,9.829131689329598
674,PEPE-USD,SNX-USD,4.340637197952996e-07,8.55272434589414
675,PEPE-USD,ARKM-USD,2.083731234897246e-07,9.704037828247259
676,PEPE-USD,WOO-USD,3.97679740469628e-05,8.505424212021309
677,PEPE-USD,PAXG-USD,-3.6512613822918346e-10,9.83837675917084
678,PEPE-USD,ETHFI-USD,8.370918172036742e-08,9.533631028096844
679,PEPE-USD,ASTR-USD,-1.7566689430986734e-05,9.659476559949539
680,PEPE-USD,BABYDOGE-USD,-156.2869105706331,9.513682713270503
681,PEPE-USD,MASK-USD,-8.927548709074202e-07,9.023462115240106
682,PEPE-USD,MSOL-USD,1.1740090847296787e-08,8.620738967671796
683,PEPE-USD,GOAT-USD,-2.0963926675516303e-05,9.383322832108474
684,PEPE-USD,RON-USD,2.2107461536636083e-07,9.704037828247257
685,PEPE-USD,PNUT-USD,1.3051070226070524e-05,8.41411254119417
686,PEPE-USD,XEC-USD,-0.08024308817191132,8.641395033313255
687,PEPE-USD,GIGA-USD,6.327610850076077e-06,8.73662669464066
688,PEPE-USD,"BTW,RAYDIUM,4YTPZGVONB66BFS6NRCUAAVSLDTYK2FHQ4U92JNJPUMP-USD",-0.0024398281930843447,9.087582236905837
689,PEPE-USD,"YOUNES,RAYDIUM,ANAUIZ2JJRVNTYW8CD7USQ4LRWB1PTGHYRGMWPXTPUMP-USD",0.004769226276126262,9.82088577780302
690,PEPE-USD,"UFO,RAYDIUM,99MYNE1MVNSSV2KAKZZDFNNWF5XB4SASJNACRXDBPUMP-USD",-0.0026061712723363536,9.140936498965772
691,PEPE-USD,BADGER-USD,-2.2405006054549563e-07,9.519475903639806
692,PEPE-USD,ONE-USD,2.917840560276088e-05,9.355865758378501
693,PEPE-USD,OSMO-USD,-9.04595119338167e-06,8.940436027358585
694,SEI-USD,CRO-USD,-0.9626868751869964,9.2136220684435
695,SEI-USD,BEAM-USD,-3.259505350517813,10.567868418601105
696,SEI-USD,NEIRO-USD,-0.9783625602639177,9.213622068443515
697,SEI-USD,TURBO-USD,-57.72719498266632,8.851598990005943
698,SEI-USD,FTT-USD,-0.020217185295056783,17.22464134387495
699,SEI-USD,ETHFI-USD,-0.021695306469114085,7.7152027877001
700,SHIB-USD,ZEC-USD,-1.272807985486177e-07,13.40736709475496
701,SHIB-USD,RENDER-USD,2.362504308069968e-06,17.330546025490026
702,SHIB-USD,POL-USD,-4.4287643877320525e-05,12.860480348430025
703,SHIB-USD,ENA-USD,3.4009282840946763e-06,12.860480348429975
704,SHIB-USD,PYUSD-USD,-9.34307768823391e-05,12.303217483149158
705,SHIB-USD,OSMO-USD,-2.681090548627117e-05,12.860480348429942
706,SUI-USD,ZRO-USD,1.282731856695348,8.909166493250543
707,XRP-USD,MOG-USD,-12620068.236670952,9.300765041898861
708,XRP-USD,TREMP-USD,-1.864443387749054,11.503026798236158
709,XRP-USD,MICHI-USD,-3.9230996283885777,11.503026798236187
710,XRP-USD,TRY-USD,-1151.0973883047598,15.790596225470118
711,XRP-USD,EIGEN-USD,-0.2199912870186847,10.33269827981194
712,XRP-USD,QTUM-USD,0.7724369978915911,12.702325872085437
713,XRP-USD,NEXO-USD,3.5215553739955583,12.193067707754324
714,XRP-USD,SAFE-USD,-0.4165471586844073,12.709426146292985
715,XRP-USD,BADGER-USD,-0.37296094860536216,13.703637327110727
716,TIA-USD,CRO-USD,-13.984079264005732,11.117689933309538
717,TIA-USD,BEAM-USD,-47.380012993705066,11.709771105518312
718,TIA-USD,NEIRO-USD,-14.21178572628676,11.11768993330959
719,TIA-USD,TURBO-USD,-841.2282767418573,10.940824556984367
720,TIA-USD,ETHFI-USD,-0.3147670851625353,8.857990318268918
721,TIA-USD,ASTR-USD,92.12825814347524,14.507151677116406
722,NEO-USD,TRY-USD,2890.0943144500343,17.34596880620178
723,NEO-USD,BEAM-USD,55.75534538748558,6.132022783225339
724,ZEC-USD,FLR-USD,-2159.887233306474,11.683314714328194
725,ZEC-USD,TRY-USD,-29739.09175308343,8.381686654145796
726,BONK-USD,TRY-USD,0.013506875423483097,6.808510892337426
727,BONK-USD,POL-USD,-0.00013268949715330796,8.166504326232278
728,BONK-USD,ENA-USD,1.0189466504947011e-05,8.166504326232243
729,BONK-USD,W-USD,1.3108370463366415e-05,12.177409973305807
730,BONK-USD,PYUSD-USD,-0.0002805243578866289,7.630038039566811
731,BONK-USD,OSMO-USD,-8.032772249191436e-05,8.16650432623223
732,MOG-USD,TRY-USD,0.00012331547353506593,7.569806575449303
733,MOG-USD,NEXO-USD,-2.8172520279484363e-07,5.678781929912223
734,MOG-USD,STORJ-USD,-3.714915526719543e-07,12.075778136095991
735,TREMP-USD,TRY-USD,741.1897436639034,10.1245506125125
736,TREMP-USD,STORJ-USD,-2.4974657527984636,11.437924371019069
737,TREMP-USD,SAFE-USD,0.22188200033987607,5.5444271944922505
738,ZRO-USD,BOME-USD,-1629.0293331264754,9.287883834900711
739,ZRO-USD,MICHI-USD,-2.3817829991818424,10.987107144003623
740,ZRO-USD,XMR-USD,0.007523454428465118,8.594539137242856
741,ZRO-USD,MNT-USD,-1.139002040166014,8.611640626059108
742,ZRO-USD,INJ-USD,0.1345967331278671,8.473543932393797
743,ZRO-USD,FLOKI-USD,29507.819730118077,9.723642933059171
744,ZRO-USD,RLC-USD,-0.197525208973238,9.98506859162564
745,ZRO-USD,QTUM-USD,0.42593551965731297,11.874651364361565
746,ZRO-USD,IOTA-USD,-16.590760706240502,11.122344190497046
747,ZRO-USD,FET-USD,-0.3885821141650244,7.647599213979578
748,ZRO-USD,"RETH,UNISWAP_V3,0XAE78736CD615F374D3085123A210448E74FC6393-USD",-0.0002850836467174476,9.014644589156852
749,ZRO-USD,RAY-USD,-0.34329077942807873,9.45728834183465
750,ZRO-USD,CFX-USD,-1.5786907593989685,9.002852065697125
751,ZRO-USD,NEXO-USD,1.7940664509679687,11.934600761773675
752,ZRO-USD,STORJ-USD,5.014761265345106,7.42358008856795
753,ZRO-USD,"GIGA,RAYDIUM,63LFDMNB3MQ8MW9MTZ2TO9BEA2M71KZUUGQ5TIJXCQJ9-USD",-27.7226593876258,7.572564091234105
754,ZRO-USD,SAND-USD,-0.8356940892244894,9.119197948975463
755,ZRO-USD,CKB-USD,-69.03366378050131,7.453180074799021
756,ZRO-USD,SAFE-USD,-0.2717707407168705,10.478044366349648
757,ZRO-USD,CAKE-USD,-0.4165609155439634,7.744392468667939
758,ZRO-USD,BABYDOGE-USD,-172970950.06826666,9.002852065697118
759,ZRO-USD,GOAT-USD,-20.12542194397209,9.457288341834632
760,ZRO-USD,XEC-USD,-54656.375649634945,7.695262739329099
761,ZRO-USD,"BTW,RAYDIUM,4YTPZGVONB66BFS6NRCUAAVSLDTYK2FHQ4U92JNJPUMP-USD",-1895.3610621712119,8.47754707472939
762,ZRO-USD,"UFO,RAYDIUM,99MYNE1MVNSSV2KAKZZDFNNWF5XB4SASJNACRXDBPUMP-USD",-2576.4411027568094,8.486731697935312
763,ZRO-USD,BADGER-USD,-0.25106135906240473,10.43067924570688
764,ZK-USD,DJT-USD,-0.254937259400157,7.7343630233842235
765,ZK-USD,IO-USD,-0.0007328725637429623,7.959030872864411
766,ZK-USD,SC-USD,0.8478880866794237,8.832412043538763
767,ZK-USD,BOME-USD,2.2929750319420066,8.104252343877105
768,ZK-USD,MICHI-USD,0.0004834739803098523,8.112127676847445
769,ZK-USD,BNB-USD,2.708086109117611e-05,8.316894528413291
770,ZK-USD,TON-USD,0.01956593771759662,8.540229414425351
771,ZK-USD,DAI-USD,7.955603501940885,8.026053396556563
772,ZK-USD,ICP-USD,0.011786951217905444,8.84766287186522
773,ZK-USD,XMR-USD,-1.5725429866567522e-05,8.122466265942416
774,ZK-USD,RENDER-USD,0.012885975049808644,6.614212218512593
775,ZK-USD,HBAR-USD,0.007572865213809045,7.842960373907537
776,ZK-USD,CRO-USD,0.027687604436225366,7.937530865726618
777,ZK-USD,STX-USD,0.06422207474195528,6.464342952606043
778,ZK-USD,MNT-USD,-0.0013795102369835452,8.080859786634184
779,ZK-USD,WIF-USD,0.02716967687750029,9.69863840835287
780,ZK-USD,INJ-USD,0.002063080729572565,8.494237062958629
781,ZK-USD,GRT-USD,0.41207099888918836,8.055028855864187
782,ZK-USD,FLOKI-USD,579.5696856435795,8.45437943085643
783,ZK-USD,AAVE-USD,0.0002519307240505391,7.8036128898533015
784,ZK-USD,RUNE-USD,0.013644045102337696,7.834905775449371
785,ZK-USD,ALGO-USD,0.13928341430198388,7.763204299347389
786,ZK-USD,FLR-USD,1.6374371057536918,7.840466153836843
787,ZK-USD,TRY-USD,8.970574515731288,7.657794504013191
788,ZK-USD,EIGEN-USD,3.2179044857187644e-06,8.112601939868462
789,ZK-USD,RLC-USD,2.6113052758988502e-05,8.112232655921888
790,ZK-USD,QTUM-USD,0.0005287019802336446,8.110985053055986
791,ZK-USD,BEAM-USD,0.07532145035121382,7.982225852717587
792,ZK-USD,BAT-USD,-0.1414466468363587,7.851947551810813
793,ZK-USD,IOTA-USD,0.01681551708591006,8.104909915311424
794,ZK-USD,FET-USD,-0.002327087342104181,7.830447476929193
795,ZK-USD,"WSTETH,UNISWAP_V3,0X7F39C581F595B53C5CB19BD0B3F8DA6C935E2CA0-USD",2.6052698490754525e-06,7.4781016189514276
796,ZK-USD,USDE-USD,0.06582032276723357,8.112185346359064
797,ZK-USD,POL-USD,-0.1396463711425595,7.2857597806672985
798,ZK-USD,"RETH,UNISWAP_V3,0XAE78736CD615F374D3085123A210448E74FC6393-USD",-2.267941918758955e-06,7.5830974122234664
799,ZK-USD,HNT-USD,0.0007596031027751514,7.752842798652228
800,ZK-USD,ENA-USD,0.010723697442688663,7.285759780667282
801,ZK-USD,RAY-USD,-0.0006561143021017897,8.095221148382194
802,ZK-USD,NEIRO-USD,0.028138449024290108,7.937530865726608
803,ZK-USD,CFX-USD,0.0010817413487923047,8.104516132074606
804,ZK-USD,NEXO-USD,-0.0015460730061451697,8.109088980638816
805,ZK-USD,STORJ-USD,0.057380728792961085,7.89767170477353
806,ZK-USD,NMR-USD,0.0050788594327840775,4.398640733767064
807,ZK-USD,ZRX-USD,0.018464800830327206,7.529668900123338
808,ZK-USD,W-USD,0.009387785244812541,7.829835602720344
809,ZK-USD,CVC-USD,0.03177145202523593,7.848475341951235
810,ZK-USD,"GIGA,RAYDIUM,63LFDMNB3MQ8MW9MTZ2TO9BEA2M71KZUUGQ5TIJXCQJ9-USD",-0.1716973513684279,7.675256704526195
811,ZK-USD,TURBO-USD,1.6750093285241725,7.916633893696773
812,ZK-USD,PYUSD-USD,-0.3355944485578188,6.953811851995073
813,ZK-USD,FTT-USD,0.0011788881678563858,7.4268798142532235
814,ZK-USD,SAND-USD,-9.969023239250752e-05,8.1123038807822
815,ZK-USD,CHZ-USD,-73.87940204916754,7.830664236476274
816,ZK-USD,CKB-USD,-0.2077421129045239,8.01037432449978
817,ZK-USD,SAFE-USD,0.00011054044421786161,8.112301731354865
818,ZK-USD,CAKE-USD,-0.002658554251774378,7.662211943658187
819,ZK-USD,TUSD-USD,0.21672160996529152,7.8498564439392915
820,ZK-USD,BDX-USD,0.10187798311561669,8.08602719025242
821,ZK-USD,SNX-USD,0.0028359447836289625,7.478101618951424
822,ZK-USD,ARKM-USD,0.002844630316420982,7.848475341951235
823,ZK-USD,WOO-USD,0.24604130103598004,7.505104863134704
824,ZK-USD,PAXG-USD,-1.0670249290937995e-05,8.059860699491791
825,ZK-USD,ETHFI-USD,0.0004944393111606191,7.9999710550490715
826,ZK-USD,ASTR-USD,-0.20967576559293732,7.901062284171644
827,ZK-USD,BABYDOGE-USD,118522.15369914356,8.1045161320746
828,ZK-USD,MASK-USD,-0.002266276896440506,8.012359470858366
829,ZK-USD,MSOL-USD,9.046076894217152e-05,7.38876810789247
830,ZK-USD,GOAT-USD,-0.038464700960750386,8.0952211483822
831,ZK-USD,RON-USD,0.0030180262335669523,7.848475341951244
832,ZK-USD,PNUT-USD,0.060177404295055845,7.7300226009895905
833,ZK-USD,XEC-USD,-291.0058449272571,7.953594381220229
834,ZK-USD,GIGA-USD,0.039424132349208496,7.616712400269528
835,ZK-USD,"BTW,RAYDIUM,4YTPZGVONB66BFS6NRCUAAVSLDTYK2FHQ4U92JNJPUMP-USD",-1.6748931016198902,8.113367827564202
836,ZK-USD,"YOUNES,RAYDIUM,ANAUIZ2JJRVNTYW8CD7USQ4LRWB1PTGHYRGMWPXTPUMP-USD",130.19531862151342,8.00682263859549
837,ZK-USD,"UFO,RAYDIUM,99MYNE1MVNSSV2KAKZZDFNNWF5XB4SASJNACRXDBPUMP-USD",3.869703117826109,8.125941033039261
838,ZK-USD,BADGER-USD,0.00013068695240808217,8.111779839795751
839,ZK-USD,ONE-USD,0.10471786831605578,8.04917138247278
840,ZK-USD,OSMO-USD,-0.08453928297869111,7.285759780667269
841,DJT-USD,IO-USD,0.005008619688763614,5.550568980225749
842,DJT-USD,SC-USD,-0.7785215530407296,16.466791212628035
843,DJT-USD,ICP-USD,-0.004725024077473769,17.761712794331682
844,DJT-USD,STX-USD,-0.02254795291317484,18.685755367288724
845,DJT-USD,GRT-USD,-0.22083282871915388,16.540331868927236
846,DJT-USD,FLOKI-USD,-394.1674887867156,11.914818440628249
847,DJT-USD,AAVE-USD,-9.903875455669356e-05,18.527627392420143
848,DJT-USD,RUNE-USD,-0.00502054702864504,22.0406790650404
849,DJT-USD,FLR-USD,1.1512968816740108,15.315610268743127
850,DJT-USD,STRK-USD,-0.019458175407149135,22.57958826302845
851,DJT-USD,ENS-USD,-0.0008216331484813858,19.04724738530162
852,DJT-USD,TRY-USD,9.959262639153618,16.618962919859847
853,DJT-USD,"RETH,UNISWAP_V3,0XAE78736CD615F374D3085123A210448E74FC6393-USD",6.482492845085662e-06,12.693400773911348
854,DJT-USD,NEXO-USD,-0.022006303794900376,21.28683294990172
855,DJT-USD,STORJ-USD,-0.07416402455911776,13.420978218893973
856,IO-USD,SC-USD,-99.39489204513308,14.90017568686807
857,IO-USD,BOME-USD,3611.5788055027124,16.210149707675114
858,IO-USD,MICHI-USD,4.68352850399418,16.792758652192223
859,IO-USD,BNB-USD,-0.0075392875802948655,13.258088746503125
860,IO-USD,TON-USD,0.3554535598512717,17.4797607380928
861,IO-USD,DAI-USD,1318.690095870537,17.20936097246993
862,IO-USD,ICP-USD,-0.5497983821672542,15.602663783470335
863,IO-USD,XMR-USD,-0.016658160331500898,16.15297683717439
864,IO-USD,RENDER-USD,-0.47104015525599485,16.375899859711122
865,IO-USD,HBAR-USD,1.3929503718190415,17.072574505692984
866,IO-USD,CRO-USD,3.0502292013533934,17.22106507558641
867,IO-USD,STX-USD,-2.56511095410612,15.89595330393763
868,IO-USD,MNT-USD,2.1855963888847776,16.55536745963917
869,IO-USD,WIF-USD,3.0723742860367502,16.072189570579475
870,IO-USD,INJ-USD,-0.1935999737654573,15.509350128639682
871,IO-USD,GRT-USD,-29.347810089410604,14.63107000534032
872,IO-USD,FLOKI-USD,-54175.97142744534,12.089055138321422
873,IO-USD,AAVE-USD,-0.010609796710612405,16.0109353067253
874,IO-USD,RUNE-USD,-0.6074421270023791,16.980983248977033
875,IO-USD,ALGO-USD,-1.9519499864728935,17.31511051423985
876,IO-USD,FLR-USD,187.96878902941393,13.102057199706879
877,IO-USD,STRK-USD,-0.31676207972267095,17.31288989676465
878,IO-USD,ENS-USD,-0.08534636548663757,16.15423846932566
879,IO-USD,TRY-USD,1377.327927944371,13.971978760290503
880,IO-USD,EIGEN-USD,0.22495213022311164,16.911825438788465
881,IO-USD,RLC-USD,0.38331000488112354,16.701429053596616
882,IO-USD,QTUM-USD,-0.40118043667304176,17.242605439526898
883,IO-USD,BEAM-USD,12.619692477808837,17.200614728802627
884,IO-USD,BAT-USD,-28.520591487007444,17.027842740124623
885,IO-USD,IOTA-USD,38.93304725403783,16.478188259546233
886,IO-USD,FET-USD,0.9633187652063017,14.707710815062352
887,IO-USD,"WSTETH,UNISWAP_V3,0X7F39C581F595B53C5CB19BD0B3F8DA6C935E2CA0-USD",0.00023426813556052232,17.179419929700924
888,IO-USD,USDE-USD,269.2649687219899,5.54485746802444
889,IO-USD,POL-USD,-12.27874460806198,17.136654112033188
890,IO-USD,"RETH,UNISWAP_V3,0XAE78736CD615F374D3085123A210448E74FC6393-USD",0.0009585746197197177,12.877935401460674
891,IO-USD,HNT-USD,0.12567366365219204,17.07175822229891
892,IO-USD,ENA-USD,0.9429070091514733,17.136654112033202
893,IO-USD,RAY-USD,0.6423824568502526,16.65046392778455
894,IO-USD,NEIRO-USD,3.0998968904074613,17.2210650755864
895,IO-USD,CFX-USD,3.2877181523462196,16.303944468464497
896,IO-USD,NEXO-USD,-3.0120391612742408,16.64378243257283
897,IO-USD,STORJ-USD,-10.394391775914844,12.811037166487166
898,IO-USD,NMR-USD,-0.48303653134832,11.15064461032154
899,IO-USD,ZRX-USD,0.8936794366465107,17.235641821927988
900,IO-USD,W-USD,1.4902066973553802,17.091300342573845
901,IO-USD,CVC-USD,1.982920222951937,17.23984801904515
902,IO-USD,"GIGA,RAYDIUM,63LFDMNB3MQ8MW9MTZ2TO9BEA2M71KZUUGQ5TIJXCQJ9-USD",79.3560901632677,14.02220575884482
903,IO-USD,TURBO-USD,182.6014655241367,17.202040068385532
904,IO-USD,PYUSD-USD,-24.708171206232826,17.14891844416787
905,IO-USD,FTT-USD,0.06377275115107578,17.231130090929483
906,IO-USD,SAND-USD,1.6836905354360236,16.443913179855493
907,IO-USD,CHZ-USD,-6123.887240392522,17.22628254800443
908,IO-USD,CKB-USD,154.3148859642106,15.618273785066231
909,IO-USD,SAFE-USD,0.5387115299276822,16.72782377495577
910,IO-USD,CAKE-USD,1.1958568738229793,13.970408290355481
911,IO-USD,TUSD-USD,17.528853015603527,17.226193802318473
912,IO-USD,BDX-USD,76.08815128302773,16.51303357392849
913,IO-USD,SNX-USD,0.2550106267299237,17.179419929700934
914,IO-USD,ARKM-USD,0.17753909946490498,17.239848019045173
915,IO-USD,WOO-USD,0.19273872279148385,17.327696734985313
916,IO-USD,PAXG-USD,-0.0012322734736543968,17.250888709931083
917,IO-USD,ETHFI-USD,0.07159384995386302,17.215439118182253
918,IO-USD,ASTR-USD,-25.622358260923036,17.193581610235043
919,IO-USD,BABYDOGE-USD,360222373.4967026,16.303944468464582
920,IO-USD,MSOL-USD,-0.00338197080146353,17.28846439799784
921,IO-USD,GOAT-USD,37.6596715328477,16.65046392778469
922,IO-USD,RON-USD,0.1883610874059228,17.23984801904517
923,IO-USD,PNUT-USD,-34.74326599326578,5.1459745688365
924,IO-USD,XEC-USD,126341.38044607881,15.220207018359243
925,IO-USD,GIGA-USD,3.827028510551144,17.18160493807772
926,IO-USD,"BTW,RAYDIUM,4YTPZGVONB66BFS6NRCUAAVSLDTYK2FHQ4U92JNJPUMP-USD",4082.883762271689,16.079025654482763
927,IO-USD,"YOUNES,RAYDIUM,ANAUIZ2JJRVNTYW8CD7USQ4LRWB1PTGHYRGMWPXTPUMP-USD",45277.66301483031,17.024976712020525
928,IO-USD,"UFO,RAYDIUM,99MYNE1MVNSSV2KAKZZDFNNWF5XB4SASJNACRXDBPUMP-USD",5672.369958084348,16.1286324562425
929,IO-USD,BADGER-USD,0.4999490806446351,16.626727201646567
930,IO-USD,ONE-USD,21.784309960459534,17.193501138292643
931,IO-USD,OSMO-USD,-7.433320726853567,17.13665411203319
932,SC-USD,BOME-USD,-15.745664346918467,6.735659029573464
933,SC-USD,MICHI-USD,-0.029174351116442405,5.792922851086193
934,SC-USD,BNB-USD,2.6558856733057943e-05,6.958348585905553
935,SC-USD,XMR-USD,7.280828827773323e-05,6.4147938823276665
936,SC-USD,HBAR-USD,-0.010249430109226859,7.394083758502637
937,SC-USD,MNT-USD,-0.01246774297808861,5.018645829352444
938,SC-USD,AAVE-USD,0.00010057065629259878,6.41498450609247
939,SC-USD,TRY-USD,-12.147462691282483,6.00306924563757
940,SC-USD,EIGEN-USD,-0.0015521439380596074,6.111402156676663
941,SC-USD,RLC-USD,-0.0022378318059120706,5.687914489938914
942,SC-USD,QTUM-USD,0.005338957607421651,7.331885769075536
943,SC-USD,BAT-USD,0.18414617827967936,7.6714060370207475
944,SC-USD,FET-USD,-0.003084947161351011,7.303098671703593
945,SC-USD,"RETH,UNISWAP_V3,0XAE78736CD615F374D3085123A210448E74FC6393-USD",-2.212550843705378e-06,8.050666763059906
946,SC-USD,RAY-USD,-0.0038237165099993466,5.395768343965153
947,SC-USD,CFX-USD,-0.01563205967572947,6.451740004452199
948,SC-USD,NEXO-USD,0.024654874377217608,6.47288192052391
949,SC-USD,STORJ-USD,0.059584927153685685,4.024871709928852
950,SC-USD,NMR-USD,0.0022952637598041966,4.566007603220563
951,SC-USD,W-USD,-0.010885754375599903,7.352323630572267
952,SC-USD,"GIGA,RAYDIUM,63LFDMNB3MQ8MW9MTZ2TO9BEA2M71KZUUGQ5TIJXCQJ9-USD",-0.21844285750532172,7.162885316680105
953,SC-USD,SAND-USD,-0.008734421733113729,5.791333416674108
954,SC-USD,CKB-USD,-0.6008131290103785,6.3443878730801275
955,SC-USD,SAFE-USD,-0.00320580872720808,5.966756215949939
956,SC-USD,CAKE-USD,-0.0031927567724176755,7.44030947237752
957,SC-USD,BDX-USD,-0.3858440629425486,5.4948633841104515
958,SC-USD,BABYDOGE-USD,-1712743.4220645982,6.451740004452203
959,SC-USD,GOAT-USD,-0.2241653803987263,5.395768343965114
960,SC-USD,XEC-USD,-451.4640215475271,6.954836218660693
961,SC-USD,"YOUNES,RAYDIUM,ANAUIZ2JJRVNTYW8CD7USQ4LRWB1PTGHYRGMWPXTPUMP-USD",-291.84291880956096,6.952605394081558
962,SC-USD,"UFO,RAYDIUM,99MYNE1MVNSSV2KAKZZDFNNWF5XB4SASJNACRXDBPUMP-USD",-24.849642142874384,6.37225799659084
963,SC-USD,BADGER-USD,-0.002932189691781115,6.104786334740511
964,BOME-USD,ENS-USD,-3.5696158237692296e-05,12.521881993856095
965,BOME-USD,TRY-USD,0.4562233828274287,17.0214217600366
966,BOME-USD,STORJ-USD,-0.0020615316449636625,9.43771951799077
967,MICHI-USD,TRY-USD,352.24859104819456,10.124550612512687
968,MICHI-USD,STORJ-USD,-1.1869144171715444,11.437924371019117
969,MICHI-USD,SAFE-USD,0.10544887144865367,5.544427194492251
970,BNB-USD,XMR-USD,2.317649849798784,11.522047497830881
971,BNB-USD,CFX-USD,-487.966281692554,12.289534553493635
972,BNB-USD,STORJ-USD,1328.1954854081978,9.462450131637302
973,BNB-USD,SAND-USD,-261.306478254656,11.752611041345151
974,BNB-USD,BABYDOGE-USD,-53464550193.33577,12.28953455349366
975,BNB-USD,XEC-USD,-14180135.546699356,14.317374955628795
976,BNB-USD,"BTW,RAYDIUM,4YTPZGVONB66BFS6NRCUAAVSLDTYK2FHQ4U92JNJPUMP-USD",-544448.3318804479,12.073356872415376
977,BNB-USD,"UFO,RAYDIUM,99MYNE1MVNSSV2KAKZZDFNNWF5XB4SASJNACRXDBPUMP-USD",-796829.013370348,10.96600719506065
978,BNB-USD,BADGER-USD,-75.48834837155587,18.42287953252948
979,TON-USD,HBAR-USD,0.7560405749374972,11.556266119218654
980,TON-USD,TRY-USD,900.5097496645624,8.216032614640358
981,TON-USD,BEAM-USD,11.669924421608005,11.278170634913582
982,TON-USD,IOTA-USD,13.36664232803569,10.905054365163261
983,TON-USD,"WSTETH,UNISWAP_V3,0X7F39C581F595B53C5CB19BD0B3F8DA6C935E2CA0-USD",0.00022944080005069298,7.9186050300516255
984,TON-USD,POL-USD,-9.86728315943003,8.226223912631802
985,TON-USD,HNT-USD,0.06628079626130144,11.158866541132857
986,TON-USD,ENA-USD,0.7577265224818658,8.226223912631774
987,TON-USD,W-USD,0.8939402144926156,11.06880798250714
988,TON-USD,PYUSD-USD,-21.9396425814611,7.10947606451484
989,TON-USD,SNX-USD,0.249755870888512,7.918605030051631
990,TON-USD,GIGA-USD,3.755185044455291,8.080845957327853
991,TON-USD,ONE-USD,21.613506690616724,10.569806604073099
992,TON-USD,OSMO-USD,-5.973467383511764,8.226223912631779
993,DAI-USD,BEAM-USD,0.008567363711865283,4.89043194170497
994,DAI-USD,TURBO-USD,0.138471856345447,10.672262530712889
995,DAI-USD,ETHFI-USD,5.429164151583496e-05,5.541647486763734
996,ICP-USD,XMR-USD,0.0038481322929370403,11.047548615847363
997,ICP-USD,HBAR-USD,0.5370146216117244,11.204465908346164
998,ICP-USD,CRO-USD,-3.0140253906662773,10.740129924228125
999,ICP-USD,STX-USD,4.308655150688266,4.912120977590019
1000,ICP-USD,MNT-USD,-0.4456260924154808,11.22233970094421
1001,ICP-USD,FLOKI-USD,36762.736520250415,10.461968775863959
1002,ICP-USD,RUNE-USD,1.2705960808631727,7.7187817324307835
1003,ICP-USD,TRY-USD,678.8996658445694,11.097354528843953
1004,ICP-USD,EIGEN-USD,0.034675605000246947,11.5332218625662
1005,ICP-USD,RLC-USD,-0.05032483557071388,11.6104350506457
1006,ICP-USD,QTUM-USD,-0.11907022451169919,11.591156141310758
1007,ICP-USD,BEAM-USD,-6.172788955448455,11.278586017018892
1008,ICP-USD,BAT-USD,-8.984914492791733,11.233950759383404
1009,ICP-USD,"WSTETH,UNISWAP_V3,0X7F39C581F595B53C5CB19BD0B3F8DA6C935E2CA0-USD",2.2953666358348012e-05,11.674211791752741
1010,ICP-USD,USDE-USD,-16.862561110229755,11.600905623314258
1011,ICP-USD,POL-USD,-5.2043825419876155,11.261331913213056
1012,ICP-USD,"RETH,UNISWAP_V3,0XAE78736CD615F374D3085123A210448E74FC6393-USD",-0.0002436062827481561,9.91023616898017
1013,ICP-USD,HNT-USD,0.04338307290196867,11.19797672815488
1014,ICP-USD,ENA-USD,0.39965394947008637,11.26133191321307
1015,ICP-USD,RAY-USD,-0.11247613113401735,11.53533212200333
1016,ICP-USD,NEIRO-USD,-3.063103563492202,10.740129924228139
1017,ICP-USD,CFX-USD,-0.7359156732900944,11.362916352499704
1018,ICP-USD,NEXO-USD,-0.3699603510944476,11.657587987765504
1019,ICP-USD,STORJ-USD,4.120825915319562,10.341395701775847
1020,ICP-USD,ZRX-USD,-0.7194594196088158,11.213805321394284
1021,ICP-USD,W-USD,0.5910641754671229,11.262323729381645
1022,ICP-USD,CVC-USD,-2.122280845216596,11.031495605870688
1023,ICP-USD,TURBO-USD,-180.24272151212583,10.705630791856008
1024,ICP-USD,FTT-USD,-0.054982334703292585,11.2608132526674
1025,ICP-USD,SAND-USD,-0.3525626804231855,11.334344554117429
1026,ICP-USD,CHZ-USD,6325.27014165318,10.820962577262193
1027,ICP-USD,CKB-USD,-48.495041436281205,10.27091303171696
1028,ICP-USD,SAFE-USD,-0.04391385623137084,11.62918710066408
1029,ICP-USD,TUSD-USD,-17.806437270612427,10.953067642426635
1030,ICP-USD,BDX-USD,-5.6465257952176735,11.642730270768332
1031,ICP-USD,SNX-USD,0.02498602223381899,11.67421179175275
1032,ICP-USD,ARKM-USD,-0.19001663592419815,11.031495605870699
1033,ICP-USD,WOO-USD,-2.7864910138259518,11.614988465562236
1034,ICP-USD,PAXG-USD,0.0015115987460817548,11.321585803574374
1035,ICP-USD,ASTR-USD,20.013118307623504,10.928012421783666
1036,ICP-USD,BABYDOGE-USD,-80631391.81707996,11.362916352499681
1037,ICP-USD,MASK-USD,-0.3303154760087974,11.259604061116946
1038,ICP-USD,MSOL-USD,0.0007780025055219063,11.688415028631704
1039,ICP-USD,GOAT-USD,-6.593913187733653,11.535332122003327
1040,ICP-USD,RON-USD,-0.20159919857526865,11.031495605870687
1041,ICP-USD,XEC-USD,-39220.446911218794,10.445831217860194
1042,ICP-USD,GIGA-USD,0.13921296326938615,11.69873362349697
1043,ICP-USD,"BTW,RAYDIUM,4YTPZGVONB66BFS6NRCUAAVSLDTYK2FHQ4U92JNJPUMP-USD",-1133.4385830612487,10.83701794039679
1044,ICP-USD,"YOUNES,RAYDIUM,ANAUIZ2JJRVNTYW8CD7USQ4LRWB1PTGHYRGMWPXTPUMP-USD",8941.105238413307,11.509479803635795
1045,ICP-USD,"UFO,RAYDIUM,99MYNE1MVNSSV2KAKZZDFNNWF5XB4SASJNACRXDBPUMP-USD",-1372.9489669337645,10.982071880505762
1046,ICP-USD,BADGER-USD,-0.048198749418779455,11.600484200438148
1047,ICP-USD,ONE-USD,-9.497275183086582,11.385526040567072
1048,ICP-USD,OSMO-USD,-3.1506351711587817,11.261331913213075
1049,XMR-USD,TRY-USD,-102031.94047934284,16.368936694627095
1050,XMR-USD,CFX-USD,-197.3827426511315,5.512671017303764
1051,XMR-USD,STORJ-USD,476.36070468680055,8.689493901035833
1052,XMR-USD,BABYDOGE-USD,-21626452375.28617,5.512671017303903
1053,XMR-USD,"BTW,RAYDIUM,4YTPZGVONB66BFS6NRCUAAVSLDTYK2FHQ4U92JNJPUMP-USD",-223356.8987312261,5.544222911110371
1054,HBAR-USD,TRY-USD,1195.6346801233237,0.7195054066848295
1055,HBAR-USD,HNT-USD,0.08359706424429343,5.414443481558615
1056,HBAR-USD,W-USD,1.069820380900801,5.537918319595719
1057,CRO-USD,TURBO-USD,59.86483423707707,1.3359493678212404
1058,CRO-USD,CHZ-USD,-2007.6810089020805,5.541978409384273
1059,CRO-USD,ETHFI-USD,0.020245715115716354,5.534827041776449
1060,MNT-USD,ENS-USD,-0.05858283764943352,8.56712652396415
1061,MNT-USD,TRY-USD,746.9239002717676,14.151690849394047
1062,MNT-USD,RAY-USD,0.2938201498289033,5.544577356012844
1063,MNT-USD,STORJ-USD,-2.9679053871874213,9.794209267029927
1064,MNT-USD,SAND-USD,0.7010535895807843,5.530972694162661
1065,MNT-USD,GOAT-USD,17.22520628371868,5.544577356013074
1066,WIF-USD,FLR-USD,30.68874484810189,15.724847908624335
1067,WIF-USD,XEC-USD,11496.426172559319,16.546432196089857
1068,INJ-USD,ENS-USD,0.7390905983582956,8.083783655261799
1069,INJ-USD,IOTA-USD,-136.01645734503353,11.022348807572367
1070,INJ-USD,STORJ-USD,36.13553279518371,6.964509328163996
1071,INJ-USD,"GIGA,RAYDIUM,63LFDMNB3MQ8MW9MTZ2TO9BEA2M71KZUUGQ5TIJXCQJ9-USD",-171.18341679937492,10.939124997484921
1072,GRT-USD,FET-USD,-0.01488213388168811,10.221321663063888
1073,GRT-USD,"RETH,UNISWAP_V3,0XAE78736CD615F374D3085123A210448E74FC6393-USD",-1.1587157398807842e-05,10.682404205105197
1074,GRT-USD,STORJ-USD,0.22122324346819686,7.838293667596675
1075,GRT-USD,"GIGA,RAYDIUM,63LFDMNB3MQ8MW9MTZ2TO9BEA2M71KZUUGQ5TIJXCQJ9-USD",-1.057401140265101,10.085235368115576
1076,GRT-USD,CKB-USD,-2.5323477826232224,10.792681738484285
1077,GRT-USD,CAKE-USD,-0.016140808344197864,9.982095590265192
1078,GRT-USD,XEC-USD,-2082.9182318915223,10.95062574328883
1079,FLOKI-USD,AAVE-USD,2.9021910915026906e-07,10.775840129427069
1080,FLOKI-USD,RUNE-USD,1.562918329353114e-05,11.422932861397472
1081,FLOKI-USD,FLR-USD,0.00018468022101965397,12.16743419489252
1082,FLOKI-USD,ENS-USD,2.717623605220063e-06,10.883725624397357
1083,FLOKI-USD,TRY-USD,-0.0034646958166495304,11.68270757907862
1084,FLOKI-USD,EIGEN-USD,-2.00001490347123e-06,11.068544747459438
1085,FLOKI-USD,RLC-USD,-4.1723240250982085e-06,9.64465287485346
1086,FLOKI-USD,QTUM-USD,7.496625500847763e-06,10.95394100614144
1087,FLOKI-USD,BEAM-USD,-6.519155241696561e-05,11.824375172968324
1088,FLOKI-USD,BAT-USD,0.00010568300472944081,11.808671316406086
1089,FLOKI-USD,IOTA-USD,-0.00034042794693665444,10.387156480962254
1090,FLOKI-USD,FET-USD,-7.715675848788624e-06,9.049591363366382
1091,FLOKI-USD,"WSTETH,UNISWAP_V3,0X7F39C581F595B53C5CB19BD0B3F8DA6C935E2CA0-USD",-1.7067197628792571e-09,11.738244277024394
1092,FLOKI-USD,USDE-USD,-0.0008589733480521049,10.739636182491681
1093,FLOKI-USD,POL-USD,3.190381700166223e-05,11.873156549765984
1094,FLOKI-USD,"RETH,UNISWAP_V3,0XAE78736CD615F374D3085123A210448E74FC6393-USD",-6.649250805602447e-09,8.48646448289717
1095,FLOKI-USD,HNT-USD,-4.125345749815769e-07,11.873291587128328
1096,FLOKI-USD,ENA-USD,-2.4499518175332685e-06,11.873156549765984
1097,FLOKI-USD,RAY-USD,-7.391205307526489e-06,9.317405428967675
1098,FLOKI-USD,NEIRO-USD,-2.828016070705237e-05,11.71142809080453
1099,FLOKI-USD,CFX-USD,-2.7095438210638112e-05,10.375097488091315
1100,FLOKI-USD,NEXO-USD,3.0549751634041033e-05,11.09233693223033
1101,FLOKI-USD,STORJ-USD,0.00010681565025950476,8.850049821381084
1102,FLOKI-USD,NMR-USD,6.038350488907013e-06,5.41644379276245
1103,FLOKI-USD,ZRX-USD,-8.514437312812068e-08,11.904368511973686
1104,FLOKI-USD,W-USD,-3.5838482304762258e-06,11.877892557602795
1105,FLOKI-USD,CVC-USD,-9.927232762619266e-06,11.875841707147151
1106,FLOKI-USD,"GIGA,RAYDIUM,63LFDMNB3MQ8MW9MTZ2TO9BEA2M71KZUUGQ5TIJXCQJ9-USD",-0.0005870224746555541,8.432961246282167
1107,FLOKI-USD,TURBO-USD,-0.0018062264798400052,11.773018215666989
1108,FLOKI-USD,PYUSD-USD,5.593525867948857e-05,11.926940893033912
1109,FLOKI-USD,FTT-USD,-1.6846409773081775e-07,11.914771861730113
1110,FLOKI-USD,SAND-USD,-1.5808120049968462e-05,9.914351999954471
1111,FLOKI-USD,CHZ-USD,0.04212950002813726,11.804630775354747
1112,FLOKI-USD,CKB-USD,-0.0013000669571510755,9.194406336639416
1113,FLOKI-USD,SAFE-USD,-5.4656789234268e-06,10.101025220417897
1114,FLOKI-USD,CAKE-USD,-8.697088222511793e-06,8.58461915892233
1115,FLOKI-USD,TUSD-USD,-0.00011650490878011123,11.807613192028034
1116,FLOKI-USD,BDX-USD,-0.0004862993520086232,10.956115730650016
1117,FLOKI-USD,SNX-USD,-1.8578355752175865e-06,11.738244277024405
1118,FLOKI-USD,ARKM-USD,-8.888264613240316e-07,11.875841707147142
1119,FLOKI-USD,WOO-USD,0.00015793347869129176,11.758126587977854
1120,FLOKI-USD,PAXG-USD,1.1742051052403546e-08,11.871851035464635
1121,FLOKI-USD,ETHFI-USD,-5.569059963492546e-07,11.778357005614247
1122,FLOKI-USD,ASTR-USD,0.00019582446764542086,11.806920928707404
1123,FLOKI-USD,BABYDOGE-USD,-2968.7408138085175,10.375097488091319
1124,FLOKI-USD,MASK-USD,-1.3855719014623946e-05,9.974879800619135
1125,FLOKI-USD,MSOL-USD,3.125693243100394e-08,11.76462603316203
1126,FLOKI-USD,GOAT-USD,-0.0004333094111537666,9.317405428967689
1127,FLOKI-USD,RON-USD,-9.430053395264768e-07,11.87584170714715
1128,FLOKI-USD,PNUT-USD,0.0001961244093597056,8.051818253858114
1129,FLOKI-USD,XEC-USD,-1.0649653461138986,9.4143013227069
1130,FLOKI-USD,GIGA-USD,-3.0944735080076514e-05,11.731320416263346
1131,FLOKI-USD,"BTW,RAYDIUM,4YTPZGVONB66BFS6NRCUAAVSLDTYK2FHQ4U92JNJPUMP-USD",-0.035207477913885524,9.866837675820026
1132,FLOKI-USD,"YOUNES,RAYDIUM,ANAUIZ2JJRVNTYW8CD7USQ4LRWB1PTGHYRGMWPXTPUMP-USD",-0.2771430199592262,11.633402903739624
1133,FLOKI-USD,"UFO,RAYDIUM,99MYNE1MVNSSV2KAKZZDFNNWF5XB4SASJNACRXDBPUMP-USD",-0.04391425895185096,9.891187933068707
1134,FLOKI-USD,BADGER-USD,-5.138722403574738e-06,10.007276151100639
1135,FLOKI-USD,ONE-USD,-0.00012792192178806734,11.773441609354132
1136,FLOKI-USD,OSMO-USD,1.9313969933737612e-05,11.873156549765987
1137,AAVE-USD,FLR-USD,651.2790533500006,13.634321377083241
1138,AAVE-USD,TRY-USD,-44695.05749972662,11.039624770043709
1139,AAVE-USD,EIGEN-USD,-8.132849390146548,9.865590005046837
1140,AAVE-USD,RLC-USD,-11.664691451539177,9.660641736404726
1141,AAVE-USD,QTUM-USD,35.39090061268062,8.589014502987405
1142,AAVE-USD,BEAM-USD,-122.73554576917218,13.139957245618382
1143,AAVE-USD,BAT-USD,753.555195802301,11.917797563017883
1144,AAVE-USD,IOTA-USD,-731.8366728028534,11.753609102165267
1145,AAVE-USD,FET-USD,-20.333232036852188,8.919054106679626
1146,AAVE-USD,"WSTETH,UNISWAP_V3,0X7F39C581F595B53C5CB19BD0B3F8DA6C935E2CA0-USD",-0.002342591272002985,13.152993463879987
1147,AAVE-USD,USDE-USD,-584.5723597748961,13.175861306111914
1148,AAVE-USD,POL-USD,265.0220108171344,12.6434866811436
1149,AAVE-USD,"RETH,UNISWAP_V3,0XAE78736CD615F374D3085123A210448E74FC6393-USD",-0.015171356869287212,9.337086705213546
1150,AAVE-USD,HNT-USD,-3.1511154167915207,12.163415685403917
1151,AAVE-USD,ENA-USD,-20.35151960199579,12.6434866811436
1152,AAVE-USD,RAY-USD,-20.593642633932575,9.185974830503536
1153,AAVE-USD,NEIRO-USD,7.229782855145174,13.180041429337907
1154,AAVE-USD,CFX-USD,-74.80914028593872,10.64294397588414
1155,AAVE-USD,NEXO-USD,128.8241837948886,10.231791500729317
1156,AAVE-USD,STORJ-USD,359.2624379500463,6.5163512942824005
1157,AAVE-USD,NMR-USD,17.484064688556114,3.4158537414078785
1158,AAVE-USD,W-USD,-41.65449786245813,11.982899467032967
1159,AAVE-USD,"GIGA,RAYDIUM,63LFDMNB3MQ8MW9MTZ2TO9BEA2M71KZUUGQ5TIJXCQJ9-USD",-1448.679392220472,8.741733579698321
1160,AAVE-USD,TURBO-USD,314.52711309299775,13.169576257817821
1161,AAVE-USD,PYUSD-USD,336.4574561215892,13.111731060645464
1162,AAVE-USD,SAND-USD,-43.030046854410145,10.132330058248103
1163,AAVE-USD,CHZ-USD,-100318.73915216711,13.051890414807366
1164,AAVE-USD,CKB-USD,-3612.9650505534732,8.814956401884002
1165,AAVE-USD,SAFE-USD,-17.61112777356663,9.27910362102517
1166,AAVE-USD,CAKE-USD,-21.676720266550348,8.867941005742418
1167,AAVE-USD,TUSD-USD,280.74164112530786,13.09084338763306
1168,AAVE-USD,BDX-USD,-1882.0158250988538,10.018476859733768
1169,AAVE-USD,SNX-USD,-2.5500082075451376,13.152993463879984
1170,AAVE-USD,WOO-USD,677.9907331518801,12.305025821352997
1171,AAVE-USD,PAXG-USD,-0.025307060755326738,13.101175097849515
1172,AAVE-USD,ETHFI-USD,-0.43258650840255264,13.18255742237376
1173,AAVE-USD,ASTR-USD,14.89279455594226,13.186244590558802
1174,AAVE-USD,BABYDOGE-USD,-8196543871.565583,10.642943975884155
1175,AAVE-USD,MASK-USD,-8.95807776141266,13.045652838800855
1176,AAVE-USD,MSOL-USD,0.24074186667217945,12.148308438555908
1177,AAVE-USD,GOAT-USD,-1207.302299414369,9.185974830503497
1178,AAVE-USD,PNUT-USD,292.86789463260607,11.60030981560185
1179,AAVE-USD,XEC-USD,-2895626.731536213,9.137723726243774
1180,AAVE-USD,GIGA-USD,-42.49036517403701,13.145833652575359
1181,AAVE-USD,"BTW,RAYDIUM,4YTPZGVONB66BFS6NRCUAAVSLDTYK2FHQ4U92JNJPUMP-USD",-97997.5724025555,9.305730881767666
1182,AAVE-USD,"YOUNES,RAYDIUM,ANAUIZ2JJRVNTYW8CD7USQ4LRWB1PTGHYRGMWPXTPUMP-USD",-1356778.5961562789,11.24739920072477
1183,AAVE-USD,"UFO,RAYDIUM,99MYNE1MVNSSV2KAKZZDFNNWF5XB4SASJNACRXDBPUMP-USD",-120083.32519610017,10.206561286398072
1184,AAVE-USD,BADGER-USD,-16.15921996469679,9.30736498938831
1185,AAVE-USD,ONE-USD,-343.1678252522305,13.0720789891958
1186,AAVE-USD,OSMO-USD,160.4393339027294,12.6434866811436
1187,ALGO-USD,TRY-USD,175.3874675657647,7.582824107090307
1188,ALGO-USD,POL-USD,-1.5436909181247815,11.060442592372539
1189,ALGO-USD,HNT-USD,0.01257621090238356,11.705331228702219
1190,ALGO-USD,ENA-USD,0.11854281794473946,11.060442592372429
1191,ALGO-USD,W-USD,0.16368428394423612,11.731848094492499
1192,ALGO-USD,PYUSD-USD,-3.224119112507367,11.147968079510292
1193,ALGO-USD,OSMO-USD,-0.9345214078334213,11.06044259237239
1194,FLR-USD,TRY-USD,8.105401536082015,8.680740349639171
1195,FLR-USD,BEAM-USD,0.10057478283475935,11.100812940543673
1196,FLR-USD,BAT-USD,-0.10702780190757118,12.547598566616568
1197,FLR-USD,IOTA-USD,0.12550635395976523,8.652365333438507
1198,FLR-USD,"WSTETH,UNISWAP_V3,0X7F39C581F595B53C5CB19BD0B3F8DA6C935E2CA0-USD",1.8027462793258857e-06,9.041624249306683
1199,FLR-USD,POL-USD,-0.0845721103484048,7.826245407396231
1200,FLR-USD,HNT-USD,0.0005757941656122091,10.988188561471325
1201,FLR-USD,ENA-USD,0.0064944453339220365,7.826245407396189
1202,FLR-USD,W-USD,0.00779574789322964,10.26490309612623
1203,FLR-USD,TURBO-USD,1.5458440033572693,12.427436977732349
1204,FLR-USD,PYUSD-USD,-0.18263007113713048,7.235491274456383
1205,FLR-USD,BDX-USD,0.21778654909635292,10.406097016128811
1206,FLR-USD,SNX-USD,0.001962364439474527,9.04162424930668
1207,FLR-USD,WOO-USD,0.12234402405806727,12.262574777918134
1208,FLR-USD,ETHFI-USD,0.0006018694907068633,11.975319606019106
1209,FLR-USD,GIGA-USD,0.029284687238680794,9.31078450303305
1210,FLR-USD,ONE-USD,0.1702926241149938,10.979477521787535
1211,FLR-USD,OSMO-USD,-0.051198362766973454,7.82624540739615
1212,STRK-USD,TRY-USD,80.18105228934701,6.612127593030309
1213,STRK-USD,EIGEN-USD,0.00843173012535942,8.78386115462532
1214,STRK-USD,RLC-USD,0.010327753989189656,9.479137877822387
1215,STRK-USD,QTUM-USD,-0.03166892752011894,8.492718835065658
1216,STRK-USD,BEAM-USD,0.2960835101753738,12.18172359531256
1217,STRK-USD,BAT-USD,-1.3352198443409085,7.844750039598464
1218,STRK-USD,IOTA-USD,0.46871889869143385,11.820305048262044
1219,STRK-USD,"WSTETH,UNISWAP_V3,0X7F39C581F595B53C5CB19BD0B3F8DA6C935E2CA0-USD",9.726029729775455e-06,10.926504275115981
1220,STRK-USD,POL-USD,-0.6528633050721179,8.900244857731126
1221,STRK-USD,HNT-USD,0.006050121083697461,8.027453332197968
1222,STRK-USD,ENA-USD,0.050134554143765026,8.900244857731105
1223,STRK-USD,RAY-USD,0.015986322350092397,9.828961119562557
1224,STRK-USD,CFX-USD,0.06777064403350674,10.014909731408109
1225,STRK-USD,NEXO-USD,-0.1345561553601396,8.983985972184456
1226,STRK-USD,STORJ-USD,-0.045158559813256796,11.847519121550075
1227,STRK-USD,ZRX-USD,0.028932233544370398,12.257273730603423
1228,STRK-USD,W-USD,0.07294521166170176,8.951173717022034
1229,STRK-USD,PYUSD-USD,-1.3565107020769631,8.996564298048257
1230,STRK-USD,FTT-USD,0.0018816888641678235,12.22888962824103
1231,STRK-USD,SAND-USD,0.03690061096130931,9.94994096555153
1232,STRK-USD,CKB-USD,1.3236439760620544,12.044784671389861
1233,STRK-USD,BDX-USD,1.7081845069104868,10.146203192445977
1234,STRK-USD,SNX-USD,0.01058718861209938,10.926504275115986
1235,STRK-USD,ASTR-USD,-0.48962871546176123,12.231745065492456
1236,STRK-USD,BABYDOGE-USD,7425363.46363179,10.014909731408107
1237,STRK-USD,MASK-USD,-0.003512379986293726,12.43779895196159
1238,STRK-USD,GOAT-USD,0.9371981477741141,9.828961119562575
1239,STRK-USD,PNUT-USD,0.05388337153044268,12.426912185779305
1240,STRK-USD,XEC-USD,657.7518829427436,12.283788037397859
1241,STRK-USD,GIGA-USD,0.15104493430645094,11.141865703036213
1242,STRK-USD,"BTW,RAYDIUM,4YTPZGVONB66BFS6NRCUAAVSLDTYK2FHQ4U92JNJPUMP-USD",61.100164532213704,10.924138806979467
1243,STRK-USD,"YOUNES,RAYDIUM,ANAUIZ2JJRVNTYW8CD7USQ4LRWB1PTGHYRGMWPXTPUMP-USD",1858.4930121237214,8.342944444460862
1244,STRK-USD,"UFO,RAYDIUM,99MYNE1MVNSSV2KAKZZDFNNWF5XB4SASJNACRXDBPUMP-USD",103.29141757713776,10.93501996681709
1245,STRK-USD,ONE-USD,0.516037728404729,12.198209070671195
1246,STRK-USD,OSMO-USD,-0.3952311488104976,8.900244857731098
1247,ENS-USD,TRY-USD,-6880.397702271733,10.779409601700907
1248,ENS-USD,EIGEN-USD,-0.9023815415052963,11.197256457824938
1249,ENS-USD,RLC-USD,-1.7867936133290567,6.261569070948931
1250,ENS-USD,QTUM-USD,3.941919620742699,10.185043273319286
1251,ENS-USD,BEAM-USD,-87.0837663822939,11.984882894179142
1252,ENS-USD,IOTA-USD,-138.67522345073283,8.795117595328323
1253,ENS-USD,FET-USD,-2.366563201626966,9.290792728063836
1254,ENS-USD,"RETH,UNISWAP_V3,0XAE78736CD615F374D3085123A210448E74FC6393-USD",-0.0015508236940735692,11.476235715775172
1255,ENS-USD,RAY-USD,-3.002435591663323,6.110109314011946
1256,ENS-USD,CFX-USD,-11.906108025582046,8.123447405788212
1257,ENS-USD,NEXO-USD,16.536560630633915,10.320199985237705
1258,ENS-USD,STORJ-USD,37.81061017072093,6.238662685884593
1259,ENS-USD,NMR-USD,1.5339305728146162,6.466925526217718
1260,ENS-USD,SAND-USD,-6.8119576234928445,6.965010744531375
1261,ENS-USD,CKB-USD,-454.04206328896646,8.380081429326232
1262,ENS-USD,SAFE-USD,-2.4012314471848764,7.669953662640597
1263,ENS-USD,BDX-USD,-260.54979906890844,8.683310436379292
1264,ENS-USD,BABYDOGE-USD,-1304505524.3019037,8.123447405788248
1265,ENS-USD,GOAT-USD,-176.01778656126834,6.110109314011907
1266,ENS-USD,XEC-USD,-343294.826943294,8.853531227290219
1267,ENS-USD,"BTW,RAYDIUM,4YTPZGVONB66BFS6NRCUAAVSLDTYK2FHQ4U92JNJPUMP-USD",-13614.953809473947,7.948157601821916
1268,ENS-USD,"YOUNES,RAYDIUM,ANAUIZ2JJRVNTYW8CD7USQ4LRWB1PTGHYRGMWPXTPUMP-USD",-184778.8240992637,11.439258061053646
1269,ENS-USD,"UFO,RAYDIUM,99MYNE1MVNSSV2KAKZZDFNNWF5XB4SASJNACRXDBPUMP-USD",-18446.115288219997,8.308195393524581
1270,ENS-USD,BADGER-USD,-2.2311496107921642,7.57616384831448
1271,TRY-USD,EIGEN-USD,8.049212771526966e-05,5.923669378775636
1272,TRY-USD,RLC-USD,0.00010192777596916764,6.787332592636128
1273,TRY-USD,QTUM-USD,-0.0002252263104487529,10.567145839489353
1274,TRY-USD,BEAM-USD,0.007225966240933211,9.65742577952732
1275,TRY-USD,BAT-USD,-0.013821234863020684,2.426125474676127
1276,TRY-USD,IOTA-USD,0.009144205014962097,6.913117177332047
1277,TRY-USD,FET-USD,9.718101804008218e-05,11.287298659624595
1278,TRY-USD,"WSTETH,UNISWAP_V3,0X7F39C581F595B53C5CB19BD0B3F8DA6C935E2CA0-USD",1.3414064105467e-07,7.466237361435664
1279,TRY-USD,USDE-USD,0.006187805493710074,14.09337682862811
1280,TRY-USD,POL-USD,-0.007030741373047735,4.258532279922351
1281,TRY-USD,"RETH,UNISWAP_V3,0XAE78736CD615F374D3085123A210448E74FC6393-USD",6.372933249309177e-08,12.581441079459617
1282,TRY-USD,HNT-USD,6.662386371053433e-05,1.4675888280271923
1283,TRY-USD,ENA-USD,0.0005399033477593998,4.258532279922895
1284,TRY-USD,RAY-USD,0.00015670271791530185,7.81256423245761
1285,TRY-USD,NEIRO-USD,0.0017749838452759438,11.50881745861575
1286,TRY-USD,CFX-USD,0.0005995537719924277,9.278061401148532
1287,TRY-USD,NEXO-USD,-0.0014426892767001528,5.184061443856603
1288,TRY-USD,STORJ-USD,-0.0021088164544296063,6.123955112360263
1289,TRY-USD,ZRX-USD,0.0005117159115234342,13.239817022308506
1290,TRY-USD,W-USD,0.0008532841276473447,1.5399982829683834
1291,TRY-USD,CVC-USD,0.001135409172191043,13.779577360417106
1292,TRY-USD,"GIGA,RAYDIUM,63LFDMNB3MQ8MW9MTZ2TO9BEA2M71KZUUGQ5TIJXCQJ9-USD",0.007141838004723761,11.305681709330067
1293,TRY-USD,TURBO-USD,0.10455659103745973,11.477457975507273
1294,TRY-USD,PYUSD-USD,-0.01414776242174387,5.103346051069373
1295,TRY-USD,FTT-USD,3.651592522709783e-05,12.681971111903232
1296,TRY-USD,SAND-USD,0.0003395445959054749,8.813786483316704
1297,TRY-USD,CHZ-USD,-3.506504024554147,12.105246654632978
1298,TRY-USD,CKB-USD,0.019675371867458553,10.829560396593024
1299,TRY-USD,SAFE-USD,0.00014391513987210825,7.270974087650879
1300,TRY-USD,CAKE-USD,0.00010342857092596262,11.684010546969057
1301,TRY-USD,TUSD-USD,0.010036924461939494,12.297801299795395
1302,TRY-USD,SNX-USD,0.00014601767698138948,7.466237361435597
1303,TRY-USD,ARKM-USD,0.00010165790818080118,13.779577360419088
1304,TRY-USD,PAXG-USD,-7.055929877740244e-07,15.297779565635548
1305,TRY-USD,ETHFI-USD,4.099424322224929e-05,10.891824522572787
1306,TRY-USD,ASTR-USD,-0.013069499989843844,10.929699986806334
1307,TRY-USD,BABYDOGE-USD,65690.75351914536,9.278061401146626
1308,TRY-USD,MASK-USD,5.950443117811485e-05,15.15429891029328
1309,TRY-USD,MSOL-USD,-5.334689183277511e-07,16.48406060771919
1310,TRY-USD,GOAT-USD,0.009186696837766673,7.812564232461725
1311,TRY-USD,RON-USD,0.00010785451872891193,13.779577360418896
1312,TRY-USD,PNUT-USD,-0.001281913094071602,13.130005168350973
1313,TRY-USD,XEC-USD,14.093417937378916,11.191146440853258
1314,TRY-USD,GIGA-USD,0.002191335396560346,7.652094398869351
1315,TRY-USD,"BTW,RAYDIUM,4YTPZGVONB66BFS6NRCUAAVSLDTYK2FHQ4U92JNJPUMP-USD",0.6852608226232166,9.021358763570158
1316,TRY-USD,"YOUNES,RAYDIUM,ANAUIZ2JJRVNTYW8CD7USQ4LRWB1PTGHYRGMWPXTPUMP-USD",19.5319399180066,3.239456850054109
1317,TRY-USD,"UFO,RAYDIUM,99MYNE1MVNSSV2KAKZZDFNNWF5XB4SASJNACRXDBPUMP-USD",0.9310643519688631,9.72093306468767
1318,TRY-USD,BADGER-USD,0.00012707084924040712,7.856025079719947
1319,TRY-USD,ONE-USD,0.012473575614698335,9.599835564331839
1320,TRY-USD,OSMO-USD,-0.004256278409696182,4.25853227992141
1321,RLC-USD,STORJ-USD,-16.134572938670313,10.704997342863628
1322,RLC-USD,BADGER-USD,1.291041962074287,5.845268074886938
1323,FET-USD,"GIGA,RAYDIUM,63LFDMNB3MQ8MW9MTZ2TO9BEA2M71KZUUGQ5TIJXCQJ9-USD",70.52655883997731,5.684448028919865
1324,FET-USD,CAKE-USD,1.0781295089091814,5.5506740877915615
1325,FET-USD,XEC-USD,131151.85678778848,5.503417489795323
1326,"WSTETH,UNISWAP_V3,0X7F39C581F595B53C5CB19BD0B3F8DA6C935E2CA0-USD",GIGA-USD,16336.10350547488,1.3862246341410542
1327,USDE-USD,POL-USD,-0.030343596608674916,11.724845368379182
1328,USDE-USD,"RETH,UNISWAP_V3,0XAE78736CD615F374D3085123A210448E74FC6393-USD",2.3688579336515852e-06,10.44710069329451
1329,USDE-USD,HNT-USD,0.000310568472260935,11.705394898850505
1330,USDE-USD,ENA-USD,0.002330139671322562,11.724845368379594
1331,USDE-USD,RAY-USD,0.0015874745148094123,11.579937475216667
1332,USDE-USD,NEIRO-USD,0.0076605568219169085,11.750419386926371
1333,USDE-USD,CFX-USD,0.008124706275950078,11.477725639773631
1334,USDE-USD,NEXO-USD,-0.006394557545899876,11.597135009768795
1335,USDE-USD,STORJ-USD,-0.023913598293593297,10.61797541240316
1336,USDE-USD,NMR-USD,-0.0010930424278015856,10.093014761170267
1337,USDE-USD,ZRX-USD,0.002208487039097873,11.754860202205043
1338,USDE-USD,W-USD,0.0036826428378362724,11.711183012033134
1339,USDE-USD,CVC-USD,0.004900251065824035,11.756143268027472
1340,USDE-USD,"GIGA,RAYDIUM,63LFDMNB3MQ8MW9MTZ2TO9BEA2M71KZUUGQ5TIJXCQJ9-USD",0.19610711560645955,10.809808131032778
1341,USDE-USD,TURBO-USD,0.4512501389061896,11.744557428235604
1342,USDE-USD,PYUSD-USD,-0.061059563005212425,11.728548268456107
1343,USDE-USD,FTT-USD,0.00015759710762802345,11.75348477453961
1344,USDE-USD,SAND-USD,0.004160785817439394,11.518961395389491
1345,USDE-USD,CHZ-USD,-15.133531157448715,11.752007908858845
1346,USDE-USD,CKB-USD,0.3813475074101975,11.275794218829423
1347,USDE-USD,SAFE-USD,0.0013312798559057572,11.602832957199075
1348,USDE-USD,CAKE-USD,0.0029552368535505358,10.784548681992456
1349,USDE-USD,TUSD-USD,0.04331781968773464,11.751982215892617
1350,USDE-USD,BDX-USD,0.18803128845171235,11.540833067714292
1351,USDE-USD,SNX-USD,0.0006301897983339091,11.737774999330068
1352,USDE-USD,ARKM-USD,0.00043873987027003014,11.756143268027214
1353,USDE-USD,WOO-USD,0.00047630162870637704,11.783205470005278
1354,USDE-USD,PAXG-USD,-3.045230631461976e-06,11.759514916703088
1355,USDE-USD,ETHFI-USD,0.00017692483816639584,11.74870767169674
1356,USDE-USD,ASTR-USD,-0.06331872907595404,11.74207904376232
1357,USDE-USD,BABYDOGE-USD,890192.1767839137,11.477725639774432
1358,USDE-USD,MASK-USD,0.010404748156994135,4.932921230006679
1359,USDE-USD,MSOL-USD,-8.357626208296224e-06,11.771050518937859
1360,USDE-USD,GOAT-USD,0.09306569343057947,11.57993747521578
1361,USDE-USD,RON-USD,0.0004654834867403729,11.756143268027408
1362,USDE-USD,PNUT-USD,-0.08585858585867417,7.61528652717967
1363,USDE-USD,XEC-USD,312.21855373692847,11.1580563225226
1364,USDE-USD,GIGA-USD,0.009457465974083312,11.738437000137058
1365,USDE-USD,"BTW,RAYDIUM,4YTPZGVONB66BFS6NRCUAAVSLDTYK2FHQ4U92JNJPUMP-USD",10.089743034590455,11.413663369149102
1366,USDE-USD,"YOUNES,RAYDIUM,ANAUIZ2JJRVNTYW8CD7USQ4LRWB1PTGHYRGMWPXTPUMP-USD",111.89149915277994,11.69161126770499
1367,USDE-USD,"UFO,RAYDIUM,99MYNE1MVNSSV2KAKZZDFNNWF5XB4SASJNACRXDBPUMP-USD",14.017728303506289,11.426126468926228
1368,USDE-USD,BADGER-USD,0.0012354889455036058,11.571668819241113
1369,USDE-USD,ONE-USD,0.053834030671080946,11.742072284757878
1370,USDE-USD,OSMO-USD,-0.01836944189314571,11.724845368379196
1371,POL-USD,PYUSD-USD,2.012271774917612,5.539637201314229
1372,"RETH,UNISWAP_V3,0XAE78736CD615F374D3085123A210448E74FC6393-USD",STORJ-USD,-10435.54648173444,11.483684433398276
1373,"RETH,UNISWAP_V3,0XAE78736CD615F374D3085123A210448E74FC6393-USD","GIGA,RAYDIUM,63LFDMNB3MQ8MW9MTZ2TO9BEA2M71KZUUGQ5TIJXCQJ9-USD",81411.51414147759,5.592684061464734
1374,"RETH,UNISWAP_V3,0XAE78736CD615F374D3085123A210448E74FC6393-USD",CAKE-USD,1242.1555845284618,5.597033308777554
1375,ENA-USD,PYUSD-USD,-26.204250224483268,5.539637201314321
1376,RAY-USD,STORJ-USD,-9.818423012382361,10.183670605632205
1377,RAY-USD,SAFE-USD,0.8386149468793013,5.527369659018973
1378,RAY-USD,BADGER-USD,0.7782732472116088,5.109016602180561
1379,NEIRO-USD,TURBO-USD,58.905657826617514,1.3359493678212186
1380,NEIRO-USD,CHZ-USD,-1975.513204747767,5.54197840938283
1381,NEIRO-USD,ETHFI-USD,0.019921330815661224,5.534827041776497
1382,CFX-USD,STORJ-USD,-2.2473987971799456,9.4075459459088
1383,CFX-USD,SAND-USD,0.5121152292919401,5.51934273847041
1384,CFX-USD,"UFO,RAYDIUM,99MYNE1MVNSSV2KAKZZDFNNWF5XB4SASJNACRXDBPUMP-USD",1558.173210804772,5.544625626975416
1385,STORJ-USD,ZRX-USD,-0.03106973767994535,7.889404970483356
1386,STORJ-USD,W-USD,-0.12912192600250794,5.1981706841309725
1387,STORJ-USD,CVC-USD,-0.07592125631171848,7.896845186352406
1388,STORJ-USD,"GIGA,RAYDIUM,63LFDMNB3MQ8MW9MTZ2TO9BEA2M71KZUUGQ5TIJXCQJ9-USD",-2.990849757406082,4.66370250463287
1389,STORJ-USD,TURBO-USD,-18.9780559417118,6.90304824066279
1390,STORJ-USD,PYUSD-USD,1.541320076605855,7.042616887356526
1391,STORJ-USD,FTT-USD,-0.00424167979975875,7.796808685419761
1392,STORJ-USD,SAND-USD,-0.09827590186223077,4.683544015333444
1393,STORJ-USD,CHZ-USD,570.875370920428,6.905976016763078
1394,STORJ-USD,CKB-USD,-7.960048264516599,4.114409516550073
1395,STORJ-USD,SAFE-USD,-0.035308136149602175,4.802838829950452
1396,STORJ-USD,CAKE-USD,-0.044819353904099,4.790069044920446
1397,STORJ-USD,TUSD-USD,-1.6358071309638993,7.1379604949351245
1398,STORJ-USD,BDX-USD,-4.843144778325017,3.626299623791476
1399,STORJ-USD,SNX-USD,-0.015783272978405583,7.261503945498961
1400,STORJ-USD,ARKM-USD,-0.006797546023188224,7.8968451863524285
1401,STORJ-USD,WOO-USD,-0.1382821992944887,8.000924181554579
1402,STORJ-USD,PAXG-USD,0.00011347663830425943,7.696578628965939
1403,STORJ-USD,ETHFI-USD,-0.006330915209713599,7.0763092735522735
1404,STORJ-USD,ASTR-USD,2.465413950816006,6.769406222926978
1405,STORJ-USD,BABYDOGE-USD,-20385851.395059835,4.563698092233152
1406,STORJ-USD,MASK-USD,-0.03764859677061072,7.678213124961483
1407,STORJ-USD,GOAT-USD,-2.41488668820874,4.695626095912496
1408,STORJ-USD,RON-USD,-0.007211893968588096,7.896845186352441
1409,STORJ-USD,PNUT-USD,0.6593476784653262,6.457943194053234
1410,STORJ-USD,XEC-USD,-5895.278661036496,4.369765855707012
1411,STORJ-USD,GIGA-USD,-0.24070689367554188,7.251510351767251
1412,STORJ-USD,"BTW,RAYDIUM,4YTPZGVONB66BFS6NRCUAAVSLDTYK2FHQ4U92JNJPUMP-USD",-227.09863215315403,3.9805068830957993
1413,STORJ-USD,"YOUNES,RAYDIUM,ANAUIZ2JJRVNTYW8CD7USQ4LRWB1PTGHYRGMWPXTPUMP-USD",-3530.5927941531877,5.072520771484632
1414,STORJ-USD,"UFO,RAYDIUM,99MYNE1MVNSSV2KAKZZDFNNWF5XB4SASJNACRXDBPUMP-USD",-311.4995280408777,4.398039266075067
1415,STORJ-USD,BADGER-USD,-0.032276433863875534,4.8855674903914315
1416,STORJ-USD,ONE-USD,-1.686906695027431,7.166950470965772
1417,STORJ-USD,OSMO-USD,0.5091328006424755,6.753251209539526
1418,NMR-USD,W-USD,-1.357720174941909,3.290335619945442
1419,NMR-USD,"GIGA,RAYDIUM,63LFDMNB3MQ8MW9MTZ2TO9BEA2M71KZUUGQ5TIJXCQJ9-USD",-51.563649558158176,2.7264926157044953
1420,NMR-USD,SAND-USD,-1.486367110509111,2.8805831275018674
1421,NMR-USD,CKB-USD,-129.59878439149713,2.643102606317692
1422,NMR-USD,SAFE-USD,-0.5041709706410096,2.9747894480592505
1423,NMR-USD,CAKE-USD,-0.7719542228016603,2.764811032046659
1424,NMR-USD,BDX-USD,-65.35016168653404,2.8786099051323055
1425,NMR-USD,BABYDOGE-USD,-301309288.88157296,2.895368375423302
1426,NMR-USD,MSOL-USD,0.012527506356128114,3.062958004411482
1427,NMR-USD,GOAT-USD,-34.88820287931879,2.9748738822235516
1428,NMR-USD,PNUT-USD,15.023767082590805,2.8763864257981964
1429,NMR-USD,XEC-USD,-97712.11338877605,2.6850797768473753
1430,NMR-USD,"BTW,RAYDIUM,4YTPZGVONB66BFS6NRCUAAVSLDTYK2FHQ4U92JNJPUMP-USD",-3662.4066284733544,2.6344661400556317
1431,NMR-USD,"YOUNES,RAYDIUM,ANAUIZ2JJRVNTYW8CD7USQ4LRWB1PTGHYRGMWPXTPUMP-USD",-39923.06925191822,3.209178589094013
1432,NMR-USD,"UFO,RAYDIUM,99MYNE1MVNSSV2KAKZZDFNNWF5XB4SASJNACRXDBPUMP-USD",-4481.4778649361715,2.868501326587066
1433,NMR-USD,BADGER-USD,-0.458352128022215,2.9980526103622736
1434,ZRX-USD,CVC-USD,2.218827178560524,5.542393917365565
1435,ZRX-USD,FTT-USD,0.05734386850388915,5.519010809564541
1436,ZRX-USD,ARKM-USD,0.19866083092515555,5.542393917365549
1437,ZRX-USD,RON-USD,0.21077030496836677,5.542393917365616
1438,TURBO-USD,CHZ-USD,-32.57808073456075,4.86486359102507
1439,TURBO-USD,TUSD-USD,0.09336280884588842,6.29948314765251
1440,TURBO-USD,ETHFI-USD,0.0003231496723798502,5.765155891578251
1441,PYUSD-USD,OSMO-USD,0.2749419584645569,5.542854428200161
1442,FTT-USD,CHZ-USD,-79641.50943396072,5.526910716009413
1443,SAND-USD,BABYDOGE-USD,194032284.47938076,5.544592805043896
1444,SAFE-USD,GOAT-USD,63.96146245059225,5.544474641257729
1445,TUSD-USD,ETHFI-USD,0.00275168651754467,9.69754960240794
1446,SNX-USD,GIGA-USD,15.007329536129872,1.3862246341410693
1447,PAXG-USD,RON-USD,-24.711696869855984,14.018137860726851
1448,BABYDOGE-USD,"UFO,RAYDIUM,99MYNE1MVNSSV2KAKZZDFNNWF5XB4SASJNACRXDBPUMP-USD",1.4221310852889871e-05,5.544625626975311
1449,MASK-USD,MSOL-USD,-0.00048154675712173766,15.617967373686973
1450,MASK-USD,GOAT-USD,5.362226277371747,15.731677077068289
1451,MASK-USD,RON-USD,0.026820063251007553,15.602601296816777
1452,MASK-USD,PNUT-USD,-7.507024021730206,6.384741888757839
1453,MASK-USD,XEC-USD,17989.29843444407,15.223185406913496
1454,MASK-USD,GIGA-USD,0.5449169365599116,15.633683461702576
1455,MASK-USD,"BTW,RAYDIUM,4YTPZGVONB66BFS6NRCUAAVSLDTYK2FHQ4U92JNJPUMP-USD",581.3472530798917,15.780824011555515
1456,MASK-USD,"YOUNES,RAYDIUM,ANAUIZ2JJRVNTYW8CD7USQ4LRWB1PTGHYRGMWPXTPUMP-USD",6446.924907043362,15.70924865495923
1457,MASK-USD,"UFO,RAYDIUM,99MYNE1MVNSSV2KAKZZDFNNWF5XB4SASJNACRXDBPUMP-USD",807.6685219543124,15.74219995495186
1458,MASK-USD,BADGER-USD,0.07118596600722105,15.692171412192872
1459,MASK-USD,ONE-USD,3.101790178986155,15.620166458482949
1460,MASK-USD,OSMO-USD,-1.0584040196658615,15.651470182209138
1461,GOAT-USD,BADGER-USD,0.013275449845826839,5.109016602180648
1462,"BTW,RAYDIUM,4YTPZGVONB66BFS6NRCUAAVSLDTYK2FHQ4U92JNJPUMP-USD","UFO,RAYDIUM,99MYNE1MVNSSV2KAKZZDFNNWF5XB4SASJNACRXDBPUMP-USD",1.3852669191015128,5.618938753958373
